CASE_ID,ACCIDENT_YEAR,PROC_DATE,JURIS,COLLISION_DATE,COLLISION_TIME,OFFICER_ID,REPORTING_DISTRICT,DAY_OF_WEEK,CHP_SHIFT,POPULATION,CNTY_CITY_LOC,SPECIAL_COND,BEAT_TYPE,CHP_BEAT_TYPE,CITY_DIVISION_LAPD,CHP_BEAT_CLASS,BEAT_NUMBER,PRIMARY_RD,SECONDARY_RD,DISTANCE,DIRECTION,INTERSECTION,WEATHER_1,WEATHER_2,STATE_HWY_IND,CALTRANS_COUNTY,CALTRANS_DISTRICT,STATE_ROUTE,ROUTE_SUFFIX,POSTMILE_PREFIX,POSTMILE,LOCATION_TYPE,RAMP_INTERSECTION,SIDE_OF_HWY,TOW_AWAY,COLLISION_SEVERITY,NUMBER_KILLED,NUMBER_INJURED,PARTY_COUNT,PRIMARY_COLL_FACTOR,PCF_CODE_OF_VIOL,PCF_VIOL_CATEGORY,PCF_VIOLATION,PCF_VIOL_SUBSECTION,HIT_AND_RUN,TYPE_OF_COLLISION,MVIW,PED_ACTION,ROAD_SURFACE,ROAD_COND_1,ROAD_COND_2,LIGHTING,CONTROL_DEVICE,CHP_ROAD_TYPE,PEDESTRIAN_ACCIDENT,BICYCLE_ACCIDENT,MOTORCYCLE_ACCIDENT,TRUCK_ACCIDENT,NOT_PRIVATE_PROPERTY,ALCOHOL_INVOLVED,STWD_VEHTYPE_AT_FAULT,CHP_VEHTYPE_AT_FAULT,COUNT_SEVERE_INJ,COUNT_VISIBLE_INJ,COUNT_COMPLAINT_PAIN,COUNT_PED_KILLED,COUNT_PED_INJURED,COUNT_BICYCLIST_KILLED,COUNT_BICYCLIST_INJURED,COUNT_MC_KILLED,COUNT_MC_INJURED,PRIMARY_RAMP,SECONDARY_RAMP,LATITUDE,LONGITUDE,COUNTY,CITY,POINT_X,POINT_Y
6853961,2015,2015-03-25,1942,2015-03-11,1510,37966,0646,3,5,7,1942,0,0,0,F,0,6TL2,"HOLLYWOOD BL","MCCADDEN PL",0.00,,Y,B,-,N,,,,,,,,,,N,4,0,1,2,A,-,10,21950,A,F,G,B,B,A,H,-,A,A,0,Y,,,,Y,,-,99,0,0,1,0,1,0,0,0,0,"- ","- ",,,"LOS ANGELES","LOS ANGELES",-118.33744003,34.101550080000003
6853968,2015,2015-03-25,1942,2015-03-02,1430,38013,0851,1,5,7,1942,0,0,0,H,0,7T38,"SANTA MONICA BL","WELLESLEY AV",3.00,E,N,B,-,N,,,,,,,,,,N,4,0,1,2,A,-,06,21951,,N,G,B,B,A,H,-,A,D,0,Y,,,,Y,,A,07,0,0,1,0,1,0,0,0,0,"- ","- ",,,"LOS ANGELES","LOS ANGELES",-118.46550109,34.039563559999998
6853981,2015,2015-03-26,1942,2015-03-02,0615,38282,0774,1,5,7,1942,0,0,0,G,0,7TL23,"VENICE BL","REDONDO BL",0.00,,Y,B,-,N,,,,,,,,,,N,4,0,1,2,A,-,10,21950,A,N,G,B,B,A,H,-,B,A,0,Y,,,,Y,,A,01,0,0,1,0,1,0,0,0,0,"- ","- ",,,"LOS ANGELES","LOS ANGELES",-118.35043003,34.04512004
6854039,2015,2015-03-23,1956,2015-02-04,1817,1188,01,3,5,5,1956,0,0,0,,0,001,"AVENUE I","CATALINA AV",11.00,E,N,A,-,N,,,,,,,,,,Y,1,1,1,3,A,-,10,21950,A,N,G,B,B,A,H,-,C,A,0,Y,,,,Y,,I,09,1,0,0,1,1,0,0,0,0,"- ","- ",,,"LOS ANGELES","REDONDO BEACH",-118.3882842,33.819245850000001
6854056,2015,2015-03-23,1900,2015-02-14,2115,540665,1192,6,5,6,1992,0,0,0,,0,111T1,"AVENUE L","35TH ST WEST",404.00,W,N,A,-,N,,,,,,,,,,N,1,1,0,2,A,-,11,21956,A,F,G,B,E,A,-,-,C,A,0,Y,,,,Y,Y,N,60,0,0,0,1,0,0,0,0,0,"- ","- ",,,"LOS ANGELES",LANCASTER,-118.19370056,34.660209999999999
6854068,2015,2017-04-21,1900,2015-02-19,2031,442237,1127,4,5,6,1992,0,0,0,,0,112T1,"AVENUE J","20TH ST W",500.00,W,N,A,-,N,,,,,,,,,,Y,1,1,0,2,A,-,11,21954,A,N,G,B,D,A,H,-,C,D,0,Y,,,,Y,Y,N,60,0,0,0,1,0,0,0,0,0,"- ","- ",,,"LOS ANGELES",LANCASTER,-118.16731983,34.689419999999998
6854078,2015,2015-03-23,1942,2015-02-26,0205,38857,1761,4,5,7,1942,0,0,0,Q,0,17T17,"PLUMMER ST","CANOGA AV",362.00,W,N,A,-,N,,,,,,,,,,Y,1,2,1,5,A,-,03,22350,,N,E,B,F,A,H,-,C,D,0,Y,,,,Y,,A,01,0,0,1,2,1,0,0,0,0,"- ","- ",,,"LOS ANGELES","LOS ANGELES",-118.59881545,34.242730000000002
6854079,2015,2017-04-25,1942,2015-02-26,1910,39546,1458,4,5,7,1942,0,0,0,N,0,14T47,"CULVER BL","SLAUSON AV",73.00,W,N,A,-,N,,,,,,,,,,Y,1,1,0,2,A,-,11,21954,A,N,G,B,D,A,H,-,C,D,0,Y,,,,Y,Y,-,,0,0,0,1,0,0,0,0,0,"- ","- ",,,"LOS ANGELES","LOS ANGELES",-118.41498473999999,33.99833417
6854081,2015,2017-04-25,1942,2015-02-27,2020,39194,1505,5,5,7,1942,0,0,0,O,0,19T73,"SATICOY ST","LEMP AV",0.00,,Y,A,-,N,,,,,,,,,,N,1,1,0,2,A,-,10,21950,A,F,G,B,B,A,H,-,C,D,0,Y,,,,Y,,-,99,0,0,0,1,0,0,0,0,0,"- ","- ",,,"LOS ANGELES","LOS ANGELES",-118.38448013,34.208470030000001
6854143,2015,2015-04-14,9545,2015-01-11,2500,17305,,7,4,9,1900,0,3,5,,2,001,"SIERRA HWY","AVENUE A",416.00,S,N,B,-,N,,,,,,,,,,N,1,1,0,2,D,-,00,,,F,G,B,E,A,H,-,D,D,0,Y,,,,Y,,-,"- ",0,0,0,1,0,0,0,0,0,"- ","- ",34.819629999999997,-118.15591999999999,"LOS ANGELES",UNINCORPORATED,-118.15590784,34.81954829
6854150,2015,2015-04-06,1900,2015-01-17,1803,491337,2608,6,5,6,1950,0,0,0,,0,264T1,"RT 138","POND AV",0.00,,Y,A,-,Y,LA,7,138,-,-,47.071,I,5,E,Y,1,1,0,2,A,-,11,21954,A,N,G,B,D,A,H,-,C,D,0,Y,,,,Y,,N,60,0,0,0,1,0,0,0,0,0,"- ","- ",,,"LOS ANGELES",PALMDALE,-118.07040619999999,34.580206920000002
6854158,2015,2015-04-14,1900,2015-01-29,2155,540658,1137,4,5,6,1992,0,0,0,,0,112T2,"CHALLENGER WY","EAST AVENUE J-3",80.00,S,N,C,-,N,,,,,,,,,,N,1,1,0,4,D,-,00,,,F,G,B,E,B,H,-,C,D,0,Y,,,,Y,,-,"- ",0,0,0,1,0,0,0,0,0,"- ","- ",,,"LOS ANGELES",LANCASTER,-118.112611,34.686520999999999
6854159,2015,2017-04-20,9525,2015-01-30,0330,20552,,5,3,1,1934,0,1,1,,2,651,"RT 605","LOWER AZUSA RD",419.00,N,N,B,-,Y,LA,7,605,-,-,22.230,H,-,S,N,1,1,0,2,A,-,08,22107,,F,G,B,E,A,H,-,D,D,1,Y,,,,Y,,-,99,0,0,0,1,0,0,0,0,0,"- ","- ",34.093000000000004,-117.99047,"LOS ANGELES",IRWINDALE,-117.99083691,34.092695689999999
6854483,2015,2015-05-01,1900,2015-01-26,1904,517840,2607,1,5,6,1950,0,0,0,,0,264T1,"RT 138","AVENUE R-8",0.00,,Y,C,-,Y,LA,7,138,-,-,49.473,I,5,E,N,1,1,0,2,A,-,10,21950,A,N,G,B,B,B,H,-,C,A,0,Y,,,,Y,,A,01,0,0,0,1,0,0,0,0,0,"- ","- ",,,"LOS ANGELES",PALMDALE,-118.0451012,34.565433919999997
6854507,2015,2015-07-10,1941,2015-02-13,2146,6281,,5,5,7,1941,0,0,0,,0,,"SANTA FE AV","N LINCOLN ST",16368.00,S,N,A,-,N,,,,,,,,,,N,1,1,0,2,A,-,10,21950,A,F,G,B,B,A,H,-,C,D,0,Y,,,,Y,Y,A,,0,0,0,1,0,0,0,0,0,"- ","- ",,,"LOS ANGELES","LONG BEACH",-118.21554999999999,33.780659999999997
6854522,2015,2017-04-04,1900,2015-04-18,0010,523045,1368,6,5,5,1952,0,0,0,,0,136D,"ALONDRA BL","DOWNEY AV",349.00,W,N,A,-,N,,,,,,,,,,Y,1,1,0,2,A,-,11,21954,A,N,A,B,D,A,H,-,C,D,0,Y,,,,Y,Y,N,60,0,0,0,1,0,0,0,0,0,"- ","- ",,,"LOS ANGELES",PARAMOUNT,-118.15260745,33.889279999999999
6854532,2015,2015-07-10,1918,2015-04-10,1309,1123,,5,5,4,1918,0,0,0,,0,2TL25,"CENTINELA BL","WASHINGTON BL",159.00,S,N,A,-,N,,,,,,,,,,Y,1,1,3,6,B,-,22,,,N,A,E,F,A,H,-,A,D,0,Y,,,,Y,,A,01,1,2,0,0,2,0,0,0,0,"- ","- ",33.996729999999999,-118.42791,"LOS ANGELES","CULVER CITY",-118.42812072,33.996643040000002
6854594,2015,2017-04-20,1948,2015-01-27,1510,,,2,5,5,1948,0,0,0,,0,,"GARFIELD AV","ELMGATE AV",0.00,,Y,A,-,N,,,,,,,,,,Y,1,1,1,3,A,-,08,22107,,N,E,I,F,A,H,-,A,A,0,Y,,,,Y,,A,01,1,0,0,1,0,0,0,0,0,"- ","- ",34.041319999999999,-118.28973999999999,"LOS ANGELES","MONTEREY PARK",-118.12915011,34.041010120000003
6854681,2015,2016-01-12,9575,2015-05-07,0009,020702,,4,3,6,1953,0,1,3,,2,040,"RT 134","PATRICIAN WY",530.00,E,N,B,-,Y,LA,7,134,-,R,11.790,H,-,W,N,1,1,0,2,A,-,11,21954,A,F,G,B,E,A,H,-,C,D,1,Y,,,,Y,Y,N,60,0,0,0,1,0,0,0,0,0,"- ","- ",34.141480000000001,-118.18047,"LOS ANGELES",PASADENA,-118.17997738,34.14131776
6854683,2015,2015-07-11,1955,2015-05-27,1802,30405,79,3,5,6,1955,0,0,0,,0,005,"9TH ST","WATERS AV",100.00,E,N,A,-,N,,,,,,,,,,N,1,1,0,2,A,-,11,21954,A,N,G,B,D,A,H,-,A,A,0,Y,,,,Y,,N,60,0,0,0,1,0,0,0,0,0,"- ","- ",,,"LOS ANGELES",POMONA,-117.76122088,34.051169109999996
6854689,2015,2017-04-04,1942,2015-05-16,2011,39028,1245,6,5,7,1942,0,0,0,L,0,5T21,"FLORENCE AV","LA SALLE AV",7.00,W,N,A,-,N,,,,,,,,,,N,1,1,0,2,A,-,03,22350,,F,G,B,E,A,H,-,C,A,0,Y,,,,Y,Y,-,99,0,0,0,1,0,0,0,0,0,"- ","- ",,,"LOS ANGELES","LOS ANGELES",-118.30573304000001,33.97457
6854691,2015,2017-05-09,1942,2015-05-27,0155,27792,1998,3,5,7,1942,0,0,0,,0,10T35W,"ROSCOE BL","CANTERBURY AV",0.00,E,N,B,-,N,,,,,,,,,,N,1,1,0,2,A,-,11,21955,,N,-,B,D,A,H,-,C,D,0,Y,,,,Y,,N,60,0,0,0,1,0,0,0,0,0,"- ","- ",,,"LOS ANGELES","LOS ANGELES",-118.41731002,34.22168001
6854736,2015,2015-07-17,1900,2015-06-02,2100,509623,1012,2,5,3,1995,0,0,0,,0,101T2,"RT 1","BUSCH DR",528.00,W,N,A,-,Y,LA,7,1,-,-,55.140,H,-,S,Y,1,1,0,3,A,-,11,21954,A,N,G,B,D,A,H,-,D,D,0,Y,,,,Y,,N,60,0,0,0,1,0,0,0,0,0,"- ","- ",34.009979999999999,-118.49207,"LOS ANGELES",MALIBU,-118.82001571000001,34.016428400000002
6854757,2015,2015-07-16,1942,2015-06-14,2130,38349,2125,7,5,7,1942,0,0,0,,0,10T35,"CANOGA AV","STRATHERN ST",0.00,,Y,A,-,N,,,,,,,,,,N,1,1,0,2,A,-,11,21453,D,N,G,B,B,A,H,-,C,A,0,Y,,,,Y,,N,60,0,0,0,1,0,0,0,0,0,"- ","- ",,,"LOS ANGELES","LOS ANGELES",-118.59751006,34.215550049999997
6854763,2015,2015-09-17,1942,2015-06-20,2218,25495,0676,6,5,7,1942,0,0,0,F,0,7T23,"CAHUENGA BL","WARING AV",31.00,N,N,A,-,N,,,,,,,,,,N,1,1,0,2,A,-,10,21950,A,N,G,B,-,A,H,-,C,A,0,Y,,,,Y,,-,"- ",0,0,0,1,0,0,0,0,0,"- ","- ",,,"LOS ANGELES","LOS ANGELES",-118.32878405,34.08536496
6854770,2015,2017-03-28,1942,2015-06-25,1810,38380,0649,4,5,7,1942,0,0,0,F,0,6TL7,"HOLLYWOOD BL","KINGSLEY DR",0.00,,Y,A,-,N,,,,,,,,,,Y,1,1,0,2,A,-,10,21950,C,N,G,B,B,A,H,-,A,A,0,Y,,,,Y,Y,A,01,0,0,0,1,0,0,0,0,0,"- ","- ",,,"LOS ANGELES","LOS ANGELES",-118.30352010999999,34.101750010000003
6854772,2015,2015-07-17,1942,2015-06-26,0450,41239,1998,5,5,7,1942,0,0,0,,0,15T45,"ROSCOE BL","LENNOX AV",47.00,W,N,A,-,N,,,,,,,,,,N,1,1,0,2,A,-,11,21954,A,N,G,B,D,A,H,-,C,A,0,Y,,,,Y,,N,60,0,0,0,1,0,0,0,0,0,"- ","- ",,,"LOS ANGELES","LOS ANGELES",-118.44611519,34.221580000000003
6854780,2015,2015-07-21,1942,2015-02-09,0005,37768,1462,1,5,7,1942,0,0,0,N,0,6D253,"CULVER BL","NICHOLSON ST",1548.00,E,N,E,-,N,,,,,,,,,,Y,1,1,0,2,A,-,11,21954,A,N,G,B,E,A,H,-,D,D,0,Y,,,,Y,,N,60,0,0,0,1,0,0,0,0,0,"- ","- ",,,"LOS ANGELES","LOS ANGELES",-118.44183151999999,33.965079150000001
6854788,2015,2015-07-23,1942,2015-07-06,0525,36607,397,1,5,7,1942,0,0,0,,0,3TL5,"MARTIN LUTHER KING BL","BUDLONG AV",105.00,E,N,A,-,N,,,,,,,,,,Y,1,1,0,2,A,-,11,21954,A,N,G,B,D,A,H,-,C,D,0,Y,,,,Y,,N,60,0,0,0,1,0,0,0,0,0,"- ","- ",,,"LOS ANGELES","LOS ANGELES",-118.2955542,34.010869999999997
6854789,2015,2017-05-09,1961,2015-07-07,2115,0620,1961,2,5,3,1961,0,0,0,,0,001,"GLENOAKS BL","HARPS ST",3.00,E,N,A,-,N,,,,,,,,,,Y,1,1,0,2,A,-,11,21950,B,N,G,B,D,A,H,-,C,D,0,Y,,,,Y,,N,60,0,0,0,1,0,0,0,0,0,"- ","- ",,,"LOS ANGELES","SAN FERNANDO",-118.43266341,34.293473849999998
6854791,2015,2015-07-23,1900,2015-07-05,2245,524060,2111,7,5,5,1943,0,0,0,,0,212T2,"ATLANTIC AV","BLOUNT PL",153.00,S,N,A,-,N,,,,,,,,,,N,1,1,0,2,A,-,11,21954,A,F,G,B,D,A,H,-,C,A,0,Y,,,,Y,Y,N,60,0,0,0,1,0,0,0,0,0,"- ","- ",,,"LOS ANGELES",LYNWOOD,-118.19294514000001,33.908103660000002
6854904,2015,2015-03-24,1942,2015-02-24,0735,41988,1211,2,5,7,1942,0,0,0,L,0,12A15,"54TH ST","5TH AV",0.00,,Y,A,-,N,,,,,,,,,,N,4,0,1,2,A,-,10,21950,A,N,G,B,B,A,H,-,A,D,0,Y,,,,Y,,A,01,0,0,1,0,1,0,0,0,0,"- ","- ",,,"LOS ANGELES","LOS ANGELES",-118.32254011000001,33.993180049999999
6854962,2015,2015-03-23,1942,2015-02-23,1800,41669,721,1,5,7,1942,0,0,0,,0,7X24,"ROBERTSON BL",ALDEN,52.00,N,N,A,-,N,,,,,,,,,,N,3,0,1,2,A,-,11,21955,,N,G,B,D,A,H,-,C,A,0,Y,,,,Y,,N,60,0,1,0,0,1,0,0,0,0,"- ","- ",,,"LOS ANGELES","LOS ANGELES",-118.38375720000001,34.07543261
6854981,2015,2015-03-24,9535,2015-02-12,1835,13421,,4,2,9,1900,0,3,5,,2,001,"FLORAL DR","ROWAN AV",0.00,,Y,A,-,N,,,,,,,,,,N,3,0,1,2,A,-,10,21950,A,N,G,B,D,A,H,-,C,D,0,Y,,,,Y,,A,01,0,1,0,0,1,0,0,0,0,"- ","- ",34.043149999999997,-118.18702999999999,"LOS ANGELES",UNINCORPORATED,-118.18707012,34.04318001
6854994,2015,2015-03-23,1900,2015-02-20,0740,516551,0453,5,5,6,1949,0,0,0,,0,43T1,"TADDY ST","SUMMER AV",9.00,W,N,A,-,N,,,,,,,,,,N,4,0,1,2,A,-,11,21954,A,M,G,B,D,A,H,-,A,D,0,Y,,,,Y,,A,01,0,0,1,0,1,0,0,0,0,"- ","- ",,,"LOS ANGELES",NORWALK,-118.08937958999999,33.905240339999999
6855029,2015,2015-03-24,1942,2015-02-24,0300,40773,0669,2,5,7,1942,0,0,0,F,0,6T7,"WESTERN AV","SANTA MONICA BL",15.00,S,N,A,-,N,,,,,,,,,,N,3,0,1,2,D,-,00,,,F,D,B,B,A,H,-,C,A,0,Y,,,,Y,Y,-,"- ",0,1,0,0,1,0,0,0,0,"- ","- ",,,"LOS ANGELES","LOS ANGELES",-118.30916999999999,34.090728859999999
6855444,2015,2015-03-24,1902,2015-03-13,0805,702,21,5,5,5,1902,0,0,0,,0,004,"GOLDEN WEST AV","FAIRVIEW AV",0.00,,Y,A,-,N,,,,,,,,,,N,2,0,1,2,A,-,08,22107,,N,B,B,B,A,H,-,A,D,0,Y,,,,Y,,A,01,1,0,0,0,1,0,0,0,0,"- ","- ",,,"LOS ANGELES",ARCADIA,-118.06053007,34.128580069999998
6856135,2015,2016-04-12,1942,2015-03-09,0630,37774,1917,1,5,7,1942,0,0,0,,0,19TL77,"FOOTHILL BL","SAYRE ST",10.00,S,N,A,-,N,,,,,,,,,,N,3,0,1,2,A,-,10,21950,A,F,G,B,C,A,H,-,C,A,0,Y,,,,Y,,-,99,0,1,0,0,1,0,0,0,0,"- ","- ",,,"LOS ANGELES","LOS ANGELES",-118.43375548,34.31011161
6856286,2015,2015-03-25,9535,2015-02-11,1530,20818,,3,2,9,1900,0,3,5,,2,001,"ROWAN AV","1ST ST",7.00,N,N,A,-,N,,,,,,,,,,N,3,0,1,2,A,-,11,21950,B,N,G,B,B,A,H,-,A,A,0,Y,,,,Y,,N,60,0,1,0,0,1,0,0,0,0,"- ","- ",34.036009999999997,-118.18702999999999,"LOS ANGELES",UNINCORPORATED,-118.18701,34.036020000000001
6856302,2015,2015-03-25,1942,2015-02-23,1540,37961,1255,1,5,7,1942,0,0,0,L,0,12A73,"NORMANDIE AV","FLORENCE AV",12.00,N,N,B,-,N,,,,,,,,,,N,2,0,1,2,A,-,03,22350,,N,A,B,F,A,H,-,A,D,0,Y,,,,Y,,A,07,1,0,0,0,1,0,0,0,0,"- ","- ",,,"LOS ANGELES","LOS ANGELES",-118.30029922999999,33.974612899999997
6856459,2015,2015-03-27,1942,2015-02-19,1600,40452,0645,4,5,7,1942,0,0,0,F,0,7L38,"HIGHLAND AV","HOLLYWOOD BL",30.00,S,N,B,-,N,,,,,,,,,,N,4,0,1,2,A,-,08,22107,,N,G,B,E,A,E,-,A,A,0,Y,,,,Y,,A,07,0,0,1,0,1,0,0,0,0,"- ","- ",,,"LOS ANGELES","LOS ANGELES",-118.33869,34.101467720000002
6856658,2015,2017-03-29,1900,2015-03-13,2052,528312,2116,5,5,5,1943,0,0,0,,0,212T2,"LONG BEACH BL","ORCHARD AV",27.00,S,N,A,-,N,,,,,,,,,,N,1,1,0,2,A,-,11,21954,A,N,G,B,D,A,H,-,C,A,0,Y,,,,Y,,N,60,0,0,0,1,0,0,0,0,0,"- ","- ",,,"LOS ANGELES",LYNWOOD,-118.20899489999999,33.911506080000002
6856693,2015,2015-04-16,1942,2015-03-19,1155,34599,1004,4,5,7,1942,0,0,0,J,0,10TL38,"ETIWANDA AV","ROSCOE BL",57.00,N,N,A,-,N,,,,,,,,,,N,4,0,1,3,A,-,03,22350,,N,G,B,E,A,D,-,A,D,0,Y,,,,Y,,A,01,0,0,1,0,1,0,0,0,0,"- ","- ",,,"LOS ANGELES","LOS ANGELES",-118.53173857,34.220936350000002
6857068,2015,2015-04-01,1942,2015-03-13,0940,40972,1559,5,5,7,1942,0,0,0,O,0,21TL63,"MAGNOLIA BL","AUCKLAND AV",10.00,E,N,A,-,N,,,,,,,,,,N,4,0,1,2,A,-,10,21950,A,N,G,B,B,A,H,-,A,D,0,Y,,,,Y,,A,01,0,0,1,0,1,0,0,0,0,"- ","- ",,,"LOS ANGELES","LOS ANGELES",-118.36040701,34.164909999999999
6857106,2015,2015-04-01,1942,2015-03-10,1730,38049,1676,2,5,7,1942,0,0,0,P,0,16X82,"GLENOAKS BL","ROSCOE BL",0.00,,Y,A,-,N,,,,,,,,,,N,4,0,1,2,D,-,00,,,N,G,B,B,A,H,-,A,A,0,Y,,,,Y,,-,"- ",0,0,1,0,1,0,0,0,0,"- ","- ",,,"LOS ANGELES","LOS ANGELES",-118.35923009,34.222420049999997
6857114,2015,2015-04-01,1942,2015-03-18,1025,30452,1021,3,5,7,1942,0,0,0,J,0,9TL53,"CORBIN AV","SHERMAN WY",0.00,,Y,A,-,N,,,,,,,,,,N,2,0,1,2,A,-,10,21950,A,N,G,B,B,A,H,-,A,A,0,Y,,,,Y,,A,07,1,0,0,0,1,0,0,0,0,"- ","- ",,,"LOS ANGELES","LOS ANGELES",-118.5622401,34.201150120000001
6857152,2015,2015-04-01,1900,2015-02-21,0231,522021,0453,6,5,6,1949,0,0,0,,0,45K1,"FAIRFORD AV","RATLIFFE ST",106.00,S,N,A,-,N,,,,,,,,,,N,2,0,1,2,D,-,00,,,F,G,B,E,A,H,-,C,D,0,Y,,,,Y,,-,"- ",1,0,0,0,1,0,0,0,0,"- ","- ",,,"LOS ANGELES",NORWALK,-118.09492874999999,33.91279935
6857497,2015,2015-04-16,1900,2015-03-06,1515,526680,1619,5,5,5,1977,0,0,0,,0,167T1,"DEL AMO BL","AVALON BL",0.00,,Y,A,-,N,,,,,,,,,,N,3,0,1,2,A,-,10,21950,A,F,G,B,B,A,H,-,A,A,0,Y,,,,Y,,D,22,0,1,0,0,1,0,0,0,0,"- ","- ",,,"LOS ANGELES",CARSON,-118.26492004000001,33.847610109999998
6857631,2015,2015-04-18,1900,2015-03-10,1730,530864,2846,2,5,5,1915,0,0,0,,0,286T1,"LONG BEACH BL","ALONDRA BL",150.00,S,N,A,-,N,,,,,,,,,,N,4,0,1,2,A,-,11,21954,A,N,G,B,C,A,H,-,A,D,0,Y,,,,Y,,N,60,0,0,1,0,1,0,0,0,0,"- ","- ",,,"LOS ANGELES",COMPTON,-118.20696567,33.888279850000004
6857851,2015,2015-04-22,9530,2015-03-08,1952,020483,,7,2,9,1900,0,3,5,,2,001,"87TH ST","HOOPER AV",158.00,E,N,A,-,N,,,,,,,,,,N,4,0,1,2,A,-,11,21954,A,N,G,B,D,A,H,-,C,D,0,Y,,,,Y,,N,60,0,0,1,0,1,0,0,0,0,"- ","- ",33.959299999999999,-118.2546,"LOS ANGELES",UNINCORPORATED,-118.25350999,33.959269999999997
6857955,2015,2015-04-08,1925,2015-02-07,1010,20812,237,6,5,6,1925,0,0,0,,0,004,"GLENDALE AV","WILSON AV",6.00,N,N,B,-,N,,,,,,,,,,,4,0,1,2,A,-,08,22107,,N,A,B,F,A,H,-,A,A,0,Y,,,,Y,,A,01,0,0,1,0,1,0,0,0,0,"- ","- ",,,"LOS ANGELES",GLENDALE,-118.24644343,34.148165519999999
6858126,2015,2015-04-21,1942,2015-02-05,1220,40605,2026,4,5,7,1942,0,0,0,,0,6TL4,"3RD ST","CATALINA ST",25.00,E,N,A,-,N,,,,,,,,,,N,4,0,1,2,A,-,21,22106,,N,G,B,F,A,H,-,A,D,0,Y,,,,Y,,I,20,0,0,1,0,1,0,0,0,0,"- ","- ",,,"LOS ANGELES","LOS ANGELES",-118.29532761,34.069049999999997
6858163,2015,2015-04-02,1925,2015-02-10,0745,13002,266,2,5,6,1925,0,0,0,,0,002,"VINE ST","KENILWORTH AV",0.00,,Y,A,-,N,,,,,,,,,,N,4,0,1,2,A,-,10,21950,A,F,G,B,B,A,H,-,A,A,0,Y,,,,Y,,-,,0,0,1,0,1,0,0,0,0,"- ","- ",,,"LOS ANGELES",GLENDALE,-118.26667005,34.140840009999998
6858176,2015,2015-04-02,1925,2015-02-06,1052,19364,226,5,5,6,1925,0,0,0,,0,002,"BROADWAY BL","ORANGE ST",15.00,E,N,A,-,N,,,,,,,,,,N,3,0,1,2,A,-,10,21950,A,F,G,B,B,A,H,-,A,A,0,Y,,,,Y,,A,01,0,1,0,0,1,0,0,0,0,"- ","- ",,,"LOS ANGELES",GLENDALE,-118.25632369,34.146415529999999
6858204,2015,2015-04-02,1925,2015-02-05,1226,18890,248,4,5,6,1925,0,0,0,,0,003,"MARYLAND AV",BROADWAY,240.00,S,N,A,-,N,,,,,,,,,,Y,3,0,1,2,A,-,08,22107,,N,E,I,F,A,H,-,A,D,0,Y,,,,Y,,A,01,0,1,0,0,1,0,0,0,0,"- ","- ",,,"LOS ANGELES",GLENDALE,-118.25389,34.14629
6858212,2015,2015-04-02,1925,2015-02-16,2033,20834,231,1,5,6,1925,0,0,0,,0,004,"LOUISE ST","LEXINGTON DR",9.00,N,N,A,-,N,,,,,,,,,,N,4,0,1,2,A,-,10,21950,A,N,G,B,B,A,H,-,D,A,0,Y,,,,Y,,A,07,0,0,1,0,1,0,0,0,0,"- ","- ",,,"LOS ANGELES",GLENDALE,-118.25266017,34.151794680000002
6858232,2015,2015-04-02,1925,2015-02-13,1704,16835,196,5,5,6,1925,0,0,0,,0,001,"SAN FERNANDO RD","SONORA AV",31.00,E,N,A,-,N,,,,,,,,,,N,2,0,6,7,A,-,03,22350,,N,G,B,F,A,H,-,A,D,0,Y,,,,Y,,A,01,2,0,4,0,6,0,0,0,0,"- ","- ",,,"LOS ANGELES",GLENDALE,-118.28822263000001,34.165904390000001
6858275,2015,2015-04-02,1900,2015-02-11,1746,525199,2832,3,5,5,1915,0,0,0,,0,283T1,"CENTRAL AV","ALONDRA BL",0.00,,Y,A,-,N,,,,,,,,,,N,2,0,1,2,A,-,03,22350,,N,G,B,B,A,H,-,B,A,0,Y,,,,Y,,A,01,1,0,0,0,1,0,0,0,0,"- ","- ",,,"LOS ANGELES",COMPTON,-118.25006012999999,33.888360059999997
6858291,2015,2015-04-02,1900,2015-02-28,1340,512477,1623,6,5,5,1977,0,0,0,,0,168T,"FIGUEROA ST","CARRIAGEDALE DR",0.00,,Y,A,-,N,,,,,,,,,,N,4,0,1,2,A,-,10,21950,A,N,G,B,B,A,H,-,A,A,0,Y,,,,Y,,A,01,0,0,1,0,1,0,0,0,0,"- ","- ",,,"LOS ANGELES",CARSON,-118.28532008000001,33.8100101
6858299,2015,2015-04-02,1900,2015-02-23,0555,532041,1615,1,5,5,1977,0,0,0,,0,160T,"UNIVERSITY DR","CENTRAL AV",0.00,,Y,B,C,N,,,,,,,,,,N,4,0,1,2,A,-,11,21954,A,N,G,B,D,B,H,-,B,A,0,Y,,,,Y,,N,60,0,0,1,0,1,0,0,0,0,"- ","- ",,,"LOS ANGELES",CARSON,-118.2486301,33.857760069999998