CASE_ID,ACCIDENT_YEAR,PROC_DATE,JURIS,COLLISION_DATE,COLLISION_TIME,OFFICER_ID,REPORTING_DISTRICT,DAY_OF_WEEK,CHP_SHIFT,POPULATION,CNTY_CITY_LOC,SPECIAL_COND,BEAT_TYPE,CHP_BEAT_TYPE,CITY_DIVISION_LAPD,CHP_BEAT_CLASS,BEAT_NUMBER,PRIMARY_RD,SECONDARY_RD,DISTANCE,DIRECTION,INTERSECTION,WEATHER_1,WEATHER_2,STATE_HWY_IND,CALTRANS_COUNTY,CALTRANS_DISTRICT,STATE_ROUTE,ROUTE_SUFFIX,POSTMILE_PREFIX,POSTMILE,LOCATION_TYPE,RAMP_INTERSECTION,SIDE_OF_HWY,TOW_AWAY,COLLISION_SEVERITY,NUMBER_KILLED,NUMBER_INJURED,PARTY_COUNT,PRIMARY_COLL_FACTOR,PCF_CODE_OF_VIOL,PCF_VIOL_CATEGORY,PCF_VIOLATION,PCF_VIOL_SUBSECTION,HIT_AND_RUN,TYPE_OF_COLLISION,MVIW,PED_ACTION,ROAD_SURFACE,ROAD_COND_1,ROAD_COND_2,LIGHTING,CONTROL_DEVICE,CHP_ROAD_TYPE,PEDESTRIAN_ACCIDENT,BICYCLE_ACCIDENT,MOTORCYCLE_ACCIDENT,TRUCK_ACCIDENT,NOT_PRIVATE_PROPERTY,ALCOHOL_INVOLVED,STWD_VEHTYPE_AT_FAULT,CHP_VEHTYPE_AT_FAULT,COUNT_SEVERE_INJ,COUNT_VISIBLE_INJ,COUNT_COMPLAINT_PAIN,COUNT_PED_KILLED,COUNT_PED_INJURED,COUNT_BICYCLIST_KILLED,COUNT_BICYCLIST_INJURED,COUNT_MC_KILLED,COUNT_MC_INJURED,PRIMARY_RAMP,SECONDARY_RAMP,LATITUDE,LONGITUDE,COUNTY,CITY,POINT_X,POINT_Y
6907137,2015,2015-05-27,1942,2015-04-21,1345,34561,2129,2,5,7,1942,0,0,0,,0,15TL43,"WINNETKA AV","ROSCOE BL",0.00,,Y,B,-,N,,,,,,,,,,Y,3,0,4,5,A,-,12,21453,A,N,D,B,B,A,H,-,A,A,0,Y,,,,Y,,A,07,0,4,0,0,2,0,0,0,0,"- ","- ",,,"LOS ANGELES","LOS ANGELES",-118.57105005,34.220250049999997
6907140,2015,2015-05-26,9530,2015-04-13,1440,16193,,1,2,9,1900,0,3,5,,2,002,"120TH ST","SUCCESS AV",0.00,,Y,A,-,N,,,,,,,,,,N,3,0,1,2,A,-,06,21951,,N,G,B,B,A,H,-,A,A,0,Y,,,,Y,,A,07,0,1,0,0,1,0,0,0,0,"- ","- ",33.923490000000001,-118.24936,"LOS ANGELES",UNINCORPORATED,-118.24933011,33.923730069999998
6907264,2015,2016-04-07,1942,2015-04-25,1925,40820,0989,6,5,7,1942,0,0,0,I,0,15T45,"OXNARD ST","WOODMAN AV",14.00,W,N,A,-,N,,,,,,,,,,N,4,0,1,2,A,-,10,21950,A,F,G,B,B,A,H,-,C,A,0,Y,,,,Y,,A,01,0,0,1,0,1,0,0,0,0,"- ","- ",,,"LOS ANGELES","LOS ANGELES",-118.4312862,34.179400000000001
6907679,2015,2015-05-09,1931,2015-04-24,2051,5277,1931,5,5,5,1931,0,0,0,,0,001,"PACIFIC BL","RANDOLPH ST",10.00,N,N,A,-,N,,,,,,,,,,N,3,0,1,2,A,-,10,21950,A,F,G,B,B,A,H,-,C,A,0,Y,,,,Y,,A,01,0,1,0,0,1,0,0,0,0,"- ","- ",,,"LOS ANGELES","HUNTINGTON PARK",-118.22520083000001,33.985597409999997
6907884,2015,2015-05-14,1900,2015-03-12,1326,512462,1335,4,5,5,1908,0,0,0,,0,133T2,"ARTESIA BL","CLARK AV",20.00,E,N,A,-,N,,,,,,,,,,N,4,0,1,2,A,-,09,21804,A,N,A,B,D,A,H,-,A,D,0,Y,,,,Y,,A,,0,0,1,0,1,0,0,0,0,"- ","- ",,,"LOS ANGELES",BELLFLOWER,-118.13381425,33.874850000000002
6907899,2015,2015-05-13,1942,2015-03-07,1740,36083,0822,6,5,7,1942,0,0,0,H,0,7TL38,"NORTHFIELD ST","MUSKINGUM AV",173.00,W,N,A,-,N,,,,,,,,,,N,2,0,2,2,A,-,11,21954,A,N,G,B,D,A,H,-,B,D,0,Y,Y,,,Y,,N,60,2,0,0,0,1,0,1,0,0,"- ","- ",,,"LOS ANGELES","LOS ANGELES",-118.53726992999999,34.047630439999999
6907912,2015,2015-05-14,1900,2015-03-12,1530,523746,1369,4,5,5,1952,0,0,0,,0,136P,"ALONDRA BL","PASSAGE AV",5.00,E,N,A,-,N,,,,,,,,,,N,4,0,1,2,A,-,10,21952,,M,G,B,E,A,H,-,A,D,0,Y,,,,Y,,-,99,0,0,1,0,1,0,0,0,0,"- ","- ",,,"LOS ANGELES",PARAMOUNT,-118.14876356000001,33.889299999999999
6907981,2015,2015-05-13,9550,2015-02-10,0750,20399,,2,1,9,1900,0,3,5,,2,001,"BROADWAY AV","WASHINGTON BL",1000.00,S,N,A,-,N,,,,,,,,,,N,4,0,1,2,A,-,09,21804,A,F,G,B,F,A,H,-,A,D,0,Y,,,,Y,,-,99,0,0,1,0,1,0,0,0,0,"- ","- ",33.968969999999999,-118.07076000000001,"LOS ANGELES",UNINCORPORATED,-118.07059004,33.96899835
6908236,2015,2015-05-11,1942,2015-04-13,0555,40408,1656,1,5,7,1942,0,0,0,P,0,16A35,FOOTHILL,"ELDORA AV",5.00,W,N,A,-,N,,,,,,,,,,N,4,0,1,2,A,-,11,21955,,N,D,B,D,A,H,-,B,D,0,Y,,,,Y,,N,60,0,0,1,0,1,0,0,0,0,"- ","- ",,,"LOS ANGELES","LOS ANGELES",-118.31487652,34.259689999999999
6908654,2015,2015-05-21,1900,2015-03-14,1353,525096,1365,6,5,5,1952,0,0,0,,0,136E,"PARAMOUNT BL","SOMERSET RANCH RD S",250.00,S,N,A,-,N,,,,,,,,,,N,4,0,1,2,A,-,11,21954,A,N,G,B,D,A,H,-,A,D,0,Y,,,,Y,,N,,0,0,1,0,1,0,0,0,0,"- ","- ",,,"LOS ANGELES",PARAMOUNT,-118.16030000000001,33.910571079999997
6908658,2015,2015-05-21,1900,2015-03-19,2115,551821,1333,4,5,5,1908,0,0,0,,0,133T2,"WOODRUFF AV","SOMERSET BL",0.00,,Y,A,-,N,,,,,,,,,,N,3,0,1,2,A,-,11,21954,A,N,A,B,B,A,H,-,C,A,0,Y,,,,Y,,N,60,0,1,0,0,1,0,0,0,0,"- ","- ",,,"LOS ANGELES",BELLFLOWER,-118.11660008,33.896640040000001
6908666,2015,2015-05-21,1900,2015-03-25,2110,550672,1365,3,5,5,1952,0,0,0,,0,136B,"ALL AMERICA CITY WY","PARAMOUNT BL",300.00,W,N,A,-,N,,,,,,,,,,N,4,0,1,2,A,-,09,21804,A,N,G,B,D,A,H,-,C,D,0,Y,,,,Y,,A,,0,0,1,0,1,0,0,0,0,"- ","- ",,,"LOS ANGELES",PARAMOUNT,-118.16121652,33.901853809999999
6908687,2015,2015-05-19,1942,2015-04-03,1615,40725,18,5,5,7,1942,0,0,0,R,0,18A41,"FIGUEROA ST","106TH ST",4.00,S,N,A,-,N,,,,,,,,,,N,3,0,1,2,A,-,11,21950,B,N,G,B,B,A,H,-,A,A,0,Y,,,,Y,,N,60,0,1,0,0,1,0,0,0,0,"- ","- ",,,"LOS ANGELES","LOS ANGELES",-118.2826,33.94007903
6908691,2015,2016-06-03,1942,2015-04-04,1350,41021,1824,6,5,7,1942,0,0,0,R,0,18AU9,"CENTRAL AV","95TH ST",0.00,,Y,A,-,N,,,,,,,,,,N,4,0,2,3,A,-,03,22350,,F,A,B,F,A,H,-,A,D,0,Y,,,,Y,,-,99,0,0,2,0,1,0,0,0,0,"- ","- ",,,"LOS ANGELES","LOS ANGELES",-118.25416002,33.950330020000003
6908771,2015,2015-05-21,1900,2015-04-17,1835,279454,1519,5,5,5,1954,0,0,0,,0,151T2,"PASSONS BL","BURKE ST",22.00,S,N,A,-,N,,,,,,,,,,N,4,0,1,2,A,-,10,21950,A,N,G,B,B,A,H,-,A,A,0,Y,,,,Y,,A,08,0,0,1,0,1,0,0,0,0,"- ","- ",,,"LOS ANGELES","PICO RIVERA",-118.09767589,33.967593659999999
6908822,2015,2015-05-18,1976,2015-04-28,1827,264,,2,5,5,1976,0,0,0,,0,,"COLLEGE AV","2ND ST",250.00,S,N,A,-,N,,,,,,,,,,N,4,0,1,2,A,-,10,21950,A,F,G,B,B,A,H,-,A,A,0,Y,,,,Y,,A,01,0,0,1,0,1,0,0,0,0,"- ","- ",,,"LOS ANGELES",WHITTIER,-118.02745,33.963614540000002
6908888,2015,2015-05-21,1942,2015-03-19,0610,39292,514,4,5,7,1942,0,0,0,,0,5A25,"FRIGATE AV","PACIFIC COAST HWY",24.00,N,N,A,-,N,,,,,,,,,,N,4,0,1,2,A,-,08,22107,,N,A,B,B,A,H,-,C,D,0,Y,,,,Y,,D,22,0,0,1,0,1,0,0,0,0,"- ","- ",,,"LOS ANGELES","LOS ANGELES",-118.27769782999999,33.790455799999997
6908919,2015,2015-05-29,1942,2015-03-21,1650,35877,0563,6,5,7,1942,0,0,0,E,0,5A85,"GAFFEY ST","18TH ST",25.00,N,N,A,-,N,,,,,,,,,,N,3,0,1,2,A,-,11,21954,A,N,G,B,E,A,H,-,A,D,0,Y,,,,Y,,N,60,0,1,0,0,0,0,0,0,0,"- ","- ",,,"LOS ANGELES","LOS ANGELES",-118.29239,33.727988570000001
6908929,2015,2016-11-30,1956,2015-05-03,0926,1231,68,7,5,5,1956,0,0,0,,0,005,"RT 107","182ND ST",10.00,N,N,A,-,Y,LA,7,107,-,-,4.193,I,5,S,N,4,0,1,2,A,-,10,21950,A,F,G,B,B,A,H,-,A,A,0,Y,,,,Y,,A,01,0,0,1,0,1,0,0,0,0,"- ","- ",,,"LOS ANGELES","REDONDO BEACH",-118.3526612,33.865560430000002
6908949,2015,2015-06-02,1942,2015-05-02,0400,35936,1209,6,5,7,1942,0,0,0,L,0,12T41,"FIGUEROA ST","48TH ST",0.00,,Y,A,-,N,,,,,,,,,,Y,2,0,1,2,A,-,03,22350,,F,G,B,D,A,H,-,B,D,0,Y,,,,Y,,-,99,1,0,0,0,1,0,0,0,0,"- ","- ",,,"LOS ANGELES","LOS ANGELES",-118.28272009,33.999650080000002
6908953,2015,2015-06-02,1942,2015-05-02,0635,40700,1215,6,5,7,1942,0,0,0,L,0,3T5,"NORMANDIE AV","54TH ST",0.00,,Y,A,-,N,,,,,,,,,,Y,2,0,5,5,A,-,12,21453,A,N,D,C,F,A,H,-,A,A,0,Y,,,,Y,,A,01,1,0,4,0,1,0,0,0,0,"- ","- ",,,"LOS ANGELES","LOS ANGELES",-118.30021008,33.993230079999996
6909258,2015,2015-05-15,9530,2015-04-29,1240,13604,,3,1,9,1900,0,3,5,,2,001,"FIRESTONE BL","GRAHAM AV",8.00,W,N,A,-,N,,,,,,,,,,N,3,0,1,2,A,-,10,21950,A,N,G,B,B,A,H,-,A,A,0,Y,,,,Y,,A,01,0,1,0,0,1,0,0,0,0,"- ","- ",33.9602,-118.2435,"LOS ANGELES",UNINCORPORATED,-118.24312633,33.960149999999999
6909368,2015,2015-05-20,1900,2015-04-27,0750,516551,0454,1,5,6,1949,0,0,0,,0,43T1,"BLOOMFIELD AV","CIVIC CENTER DR",11.00,S,N,A,-,N,,,,,,,,,,N,4,0,1,2,A,-,10,21950,A,N,G,B,B,A,H,-,B,A,0,Y,,,,Y,,A,07,0,0,1,0,1,0,0,0,0,"- ","- ",,,"LOS ANGELES",NORWALK,-118.06466334,33.914579969999998
6909386,2015,2015-05-20,1922,2015-04-30,2000,614,,4,5,6,1922,0,0,0,,0,,"RAMONA BL","COGSWELL RD",0.00,,Y,A,-,N,,,,,,,,,,N,3,0,1,2,A,-,12,21453,A,F,G,B,B,A,H,-,C,A,0,Y,,,,Y,,A,01,0,1,0,0,1,0,0,0,0,"- ","- ",,,"LOS ANGELES","EL MONTE",-118.01269004,34.075300089999999
6909460,2015,2015-05-18,1942,2015-04-16,1955,34959,0779,4,5,7,1942,0,0,0,G,0,20T59,"VENICE BL","4TH AV",35.00,E,N,A,-,N,,,,,,,,,,N,3,0,1,2,A,-,11,21954,A,N,G,B,D,A,H,-,C,A,0,Y,,,,Y,Y,N,60,0,1,0,0,1,0,0,0,0,"- ","- ",,,"LOS ANGELES","LOS ANGELES",-118.32116469,34.043570000000003
6909464,2015,2015-05-18,1942,2015-04-15,1550,41669,0701,3,5,7,1942,0,0,0,G,0,7A21,"ALFRED ST","WARING AV",0.00,,Y,A,-,N,,,,,,,,,,N,4,0,1,2,A,-,10,21950,A,N,G,B,B,A,H,-,A,D,0,Y,,,,Y,,A,01,0,0,1,0,1,0,0,0,0,"- ","- ",,,"LOS ANGELES","LOS ANGELES",-118.3753,34.085320029999998
6910152,2015,2015-05-15,1912,2015-04-27,0738,12104,,1,5,6,1912,0,0,0,,0,,"6TH ST","DELAWARE RD",0.00,,Y,A,-,N,,,,,,,,,,N,3,0,1,2,D,-,00,,,N,D,B,B,A,H,-,A,D,0,Y,,,,Y,,-,"- ",0,1,0,0,1,0,0,0,0,"- ","- ",,,"LOS ANGELES",BURBANK,-118.31356005000001,34.192610100000003
6910175,2015,2016-04-12,1942,2015-04-14,0730,31816,0456,2,5,7,1942,0,0,0,D,0,4TL43,EVERGREEN,WABASH,24.00,S,N,A,-,N,,,,,,,,,,N,4,0,1,2,-,-,"- ",,,F,D,B,B,A,H,-,A,A,0,Y,,,,Y,,-,"- ",0,0,1,0,1,0,0,0,0,"- ","- ",,,"LOS ANGELES","LOS ANGELES",-118.19701999999999,34.050060000000002
6910178,2015,2015-05-15,1942,2015-04-20,2130,37353,1999,1,5,7,1942,0,0,0,,0,19T75,"RAYEN ST","COLUMBUS AV",0.00,,Y,A,-,N,,,,,,,,,,N,4,0,1,2,A,-,10,21950,A,N,G,B,D,A,H,-,C,A,0,Y,,,,Y,,-,99,0,0,1,0,1,0,0,0,0,"- ","- ",,,"LOS ANGELES","LOS ANGELES",-118.46556003000001,34.23188004
6910558,2015,2015-05-19,1941,2015-04-15,1352,6185,,3,5,7,1941,0,0,0,,0,,"CREST DR","WARDLOW RD",0.00,,Y,A,-,N,,,,,,,,,,N,3,0,1,3,A,-,10,21950,A,N,G,B,B,A,H,-,A,A,0,Y,,,,Y,,A,,0,1,0,0,1,0,0,0,0,"- ","- ",,,"LOS ANGELES","LONG BEACH",-118.19181008,33.81895008
6910572,2015,2015-05-18,1975,2015-03-25,0621,395,,3,5,6,1975,0,0,0,,0,TRAFFI,"AMAR RD","TEMPLE AV",0.00,,Y,A,-,N,,,,,,,,,,N,4,0,1,2,A,-,10,21950,A,N,G,B,B,A,H,-,B,A,0,Y,,,,Y,,A,01,0,0,1,0,1,0,0,0,0,"- ","- ",,,"LOS ANGELES","WEST COVINA",-117.91008006,34.029200109999998
6910581,2015,2015-05-18,1975,2015-03-17,0713,353,,2,5,6,1975,0,0,0,,0,005,"AZUSA AV","AMAR RD",0.00,,Y,A,-,N,,,,,,,,,,,4,0,1,2,A,-,03,22350,,F,G,B,B,A,H,-,A,A,0,Y,,,,Y,,-,99,0,0,1,0,1,0,0,0,0,"- ","- ",,,"LOS ANGELES","WEST COVINA",-117.91482012,34.031460060000001
6910612,2015,2015-05-20,1901,2015-03-27,0826,261,21,5,5,5,1901,0,0,0,,0,004,"DATE AV","MONTEZUMA AV",24.00,S,N,A,-,N,,,,,,,,,,N,4,0,1,2,A,-,10,21950,A,N,G,B,D,A,H,-,A,D,0,Y,,,,Y,,-,,0,0,1,0,1,0,0,0,0,"- ","- ",,,"LOS ANGELES",ALHAMBRA,-118.14775949,34.067784189999998
6910638,2015,2015-05-20,1942,2015-03-13,1840,38721,1863,5,5,7,1942,0,0,0,R,0,7YA34,"118TH ST",AVALON,75.00,E,N,A,-,N,,,,,,,,,,N,4,0,1,2,A,-,11,21954,A,N,G,B,E,A,H,-,A,D,0,Y,,,,Y,,N,60,0,0,1,0,1,0,0,0,0,"- ","- ",,,"LOS ANGELES","LOS ANGELES",-118.26495326,33.926461570000001
6910642,2015,2015-05-14,1973,2015-03-12,0857,568,1973,4,5,1,1973,0,0,0,,0,003,"DISTRICT BL","LOMA VISTA AV",287.00,E,N,A,-,N,,,,,,,,,,N,4,0,1,2,A,-,11,21954,A,N,G,B,D,A,H,-,A,D,0,Y,,,,Y,,N,60,0,0,1,0,1,0,0,0,0,"- ","- ",,,"LOS ANGELES",VERNON,-118.19646234,33.999582410000002
6910833,2015,2015-05-18,1953,2015-04-16,1237,7724,LACOU,4,5,6,1953,0,0,0,,0,004,"FOOTHILL BL","DAISY AV",0.00,,Y,A,-,N,,,,,,,,,,N,3,0,1,2,A,-,10,21950,A,N,G,B,B,A,H,-,A,A,0,Y,,,,Y,,-,"- ",0,1,0,0,1,0,0,0,0,"- ","- ",,,"LOS ANGELES",PASADENA,-118.09296005,34.14992007
6910892,2015,2015-05-12,1922,2015-04-14,1529,650,,2,5,6,1922,0,0,0,,0,004,"MAGNOLIA ST","COGSWELL RD",0.00,,Y,A,-,N,,,,,,,,,,N,3,0,1,2,A,-,10,21950,A,N,G,B,B,A,H,-,A,A,0,Y,,,,Y,,A,01,0,1,0,0,1,0,0,0,0,"- ","- ",,,"LOS ANGELES","EL MONTE",-118.02201004,34.059810069999997
6910915,2015,2015-05-20,1965,2015-04-26,1730,3407,0B4D,7,5,5,1965,0,0,0,,0,B004,"MONTANA AV","LINCOLN BL",0.00,,Y,A,-,N,,,,,,,,,,N,3,0,2,3,D,-,00,,,N,G,B,B,A,H,-,A,A,0,Y,,,,Y,,-,"- ",0,2,0,0,2,0,0,0,0,"- ","- ",,,"LOS ANGELES","SANTA MONICA",-118.50086001,34.027610080000002
6911361,2015,2015-05-13,1900,2015-04-11,1100,532570,2835,6,5,5,1915,0,0,0,,0,282T1,"PALM ST","OLEANDER AV",225.00,W,N,A,-,N,,,,,,,,,,N,4,0,1,2,A,-,10,21952,,N,G,B,C,A,H,-,A,D,0,Y,,,,Y,,A,01,0,0,1,0,1,0,0,0,0,"- ","- ",,,"LOS ANGELES",COMPTON,-118.22942894000001,33.89505802
6911362,2015,2015-05-18,1900,2015-04-29,1240,516691,2842,3,5,5,1915,0,0,0,,0,282T1,"S SANTA FE AV","S SANTA FE AV 2195",0.00,,Y,A,-,N,,,,,,,,,,N,4,0,1,2,A,-,"- ",,,N,B,B,D,A,H,-,A,D,0,Y,,,,Y,,N,60,0,0,1,0,1,0,0,0,0,"- ","- ",,,"LOS ANGELES",COMPTON,-118.214725,33.875323999999999
6911644,2015,2015-05-18,1942,2015-05-04,2145,39281,1005,1,5,7,1942,0,0,0,J,0,19T75,"ROSCOE BL","WHITE OAK AV",0.00,,Y,A,-,N,,,,,,,,,,N,4,0,1,3,A,-,10,21950,A,F,C,B,B,A,H,-,C,A,0,Y,,,,Y,,-,99,0,0,1,0,1,0,0,0,0,"- ","- ",,,"LOS ANGELES","LOS ANGELES",-118.51863002,34.221000060000001
6911657,2015,2015-05-18,9525,2015-01-05,1605,20869,,1,2,9,1900,0,3,5,,2,002,"ARROWAY AV","CIENEGA AV",282.00,N,N,A,-,N,,,,,,,,,,N,3,0,1,2,A,-,09,21804,A,N,G,B,E,A,H,-,A,D,0,Y,,,,Y,,D,22,0,1,0,0,1,0,0,0,0,"- ","- ",34.104190000000003,-117.86543,"LOS ANGELES",UNINCORPORATED,-117.86546,34.103953050000001
6911862,2015,2015-05-14,1942,2015-02-27,1455,41614,0774,5,5,7,1942,0,0,0,G,0,7A85,"VENICE BL","CADILLAC AV",0.00,,Y,B,-,N,,,,,,,,,,N,3,0,1,2,A,-,09,21453,B,N,G,B,B,A,H,-,A,A,0,Y,,,,Y,,A,01,0,1,0,0,1,0,0,0,0,"- ","- ",,,"LOS ANGELES","LOS ANGELES",-118.37418011,34.037440060000002
6911889,2015,2015-05-14,1955,2015-02-22,1831,41900,0084,7,5,6,1955,0,0,0,,0,004,"RIO RANCHO RD","GAREY AV",0.00,,Y,C,-,N,,,,,,,,,,N,4,0,1,2,D,-,00,,,N,G,B,B,B,H,-,C,A,0,Y,,,,Y,,-,"- ",0,0,1,0,1,0,0,0,0,"- ","- ",,,"LOS ANGELES",POMONA,-117.74932007,34.033370089999998
6911890,2015,2015-05-14,1942,2015-02-21,1335,41043,0701,6,5,7,1942,0,0,0,G,0,7A85,"LA CIENEGA BL","MELROSE PL",0.00,,Y,A,-,N,,,,,,,,,,N,3,0,1,2,A,-,08,22107,,N,G,B,D,A,H,-,A,D,0,Y,,,,Y,,A,01,0,1,0,0,1,0,0,0,0,"- ","- ",,,"LOS ANGELES","LOS ANGELES",-118.37651013,34.083610059999998
6911898,2015,2015-05-14,1942,2015-02-12,1530,38280,1401,4,5,7,1942,0,0,0,N,0,14A25,"PEARL ST","CENTINELA AV",0.00,,Y,A,-,N,,,,,,,,,,N,3,0,1,2,A,-,03,22350,,N,G,B,B,A,H,-,A,A,0,Y,,,,Y,,A,07,0,1,0,0,1,0,0,0,0,"- ","- ",,,"LOS ANGELES","LOS ANGELES",-118.45097002999999,34.02572009
6911924,2015,2015-05-14,1922,2015-04-16,0743,513,,4,5,6,1922,0,0,0,,0,,"MULHALL ST",RIVERVIEW,350.00,E,N,A,-,N,,,,,,,,,,N,3,0,1,2,A,-,11,21950,B,N,G,B,D,A,H,-,A,D,0,Y,,,,Y,,N,60,0,1,0,0,1,0,0,0,0,"- ","- ",,,"LOS ANGELES","EL MONTE",-118.02977730000001,34.089454320000002
6911932,2015,2016-06-02,1900,2015-04-28,0905,505177,0451,2,5,6,1949,0,0,0,,0,43K3,"JERSEY AV","IMPERIAL HWY",2.00,N,N,A,-,N,,,,,,,,,,N,3,0,1,2,A,-,10,21950,A,N,G,B,B,A,H,-,A,A,0,Y,,,,Y,,A,01,0,1,0,0,1,0,0,0,0,"- ","- ",,,"LOS ANGELES",NORWALK,-118.08619007,33.917265479999998
6912141,2015,2015-05-11,1900,2015-03-04,1900,539079,1352,3,5,3,1927,0,0,0,,0,135A,"NORWALK BL","216TH ST",0.00,,Y,A,-,N,,,,,,,,,,N,3,0,2,3,A,-,10,21950,A,N,G,B,B,A,H,-,C,A,0,Y,,,,Y,,A,,0,1,1,0,2,0,0,0,0,"- ","- ",,,"LOS ANGELES","HAWAIIAN GARDENS",-118.07203002999999,33.833270110000001
6912236,2015,2016-10-05,9550,2015-02-15,0855,20070,,7,1,9,1900,0,2,4,,1,012,"RT 605","SLAUSON AV",10.00,N,N,A,-,Y,LA,7,605,-,R,11.701,R,1,S,N,4,0,1,2,A,-,10,21950,A,N,G,B,B,A,H,-,A,A,1,Y,,,,Y,,A,01,0,0,1,0,1,0,0,0,0,TO,"- ",33.967469999999999,-118.0839,"LOS ANGELES",UNINCORPORATED,-118.08249275,33.969082069999999
6912265,2015,2015-05-11,1965,2015-03-26,1627,3566,0B3A,4,5,5,1965,0,0,0,,0,B003,"25TH ST","WILSHIRE BL",167.00,S,N,A,-,N,,,,,,,,,,N,2,0,1,2,A,-,21,22106,,N,G,B,D,A,H,-,A,D,0,Y,,,,Y,,A,01,1,0,0,0,1,0,0,0,0,"- ","- ",,,"LOS ANGELES","SANTA MONICA",-118.4779137,34.035023789999997
6912418,2015,2015-05-12,1942,2015-04-16,1100,33340,1684,4,5,7,1942,0,0,0,P,0,16TL25,"LANKERSHIM BL","CAYUGA AV",0.00,,Y,A,-,N,,,,,,,,,,Y,3,0,1,3,A,-,10,21950,A,N,G,B,B,A,H,-,A,A,0,Y,,,,Y,,A,01,0,1,0,0,1,0,0,0,0,"- ","- ",,,"LOS ANGELES","LOS ANGELES",-118.38778005,34.226120090000002
6912441,2015,2015-05-12,1942,2015-04-23,0735,35511,1651,4,5,7,1942,0,0,0,P,0,16A23,"KAGEL CANYON ST","AMBOY AV",90.00,E,N,A,-,N,,,,,,,,,,N,3,0,1,2,A,-,11,21954,A,F,G,B,E,A,H,-,A,D,0,Y,,,,Y,,N,60,0,1,0,0,1,0,0,0,0,"- ","- ",,,"LOS ANGELES","LOS ANGELES",-118.42082556,34.25119187
6912522,2015,2015-05-20,1942,2015-04-25,0200,39479,1998,6,5,7,1942,0,0,0,,0,16T23,"STAGG ST","BROADLEAF AV",0.00,,Y,A,-,N,,,,,,,,,,N,4,0,1,2,A,-,11,21956,A,F,G,B,E,A,H,-,C,D,0,Y,,,,Y,,N,60,0,0,1,0,1,0,0,0,0,"- ","- ",,,"LOS ANGELES","LOS ANGELES",-118.43760008,34.212410060000003
6912538,2015,2015-05-21,1942,2015-04-23,1750,38321,0976,4,5,7,1942,0,0,0,I,0,9U4W5,"FULTON AV","KLING ST",20.00,S,N,A,-,N,,,,,,,,,,N,3,0,1,3,A,-,09,21801,A,F,G,B,F,A,H,-,A,D,0,Y,,,,Y,,-,99,0,1,0,0,1,0,0,0,0,"- ","- ",,,"LOS ANGELES","LOS ANGELES",-118.4224997,34.155725140000001
6912540,2015,2015-05-20,1942,2015-04-24,1955,40820,0989,5,5,7,1942,0,0,0,I,0,15T45,"VENTURA BL","WOODMAN AV",280.00,E,N,A,-,N,,,,,,,,,,N,4,0,1,2,A,-,11,21954,A,N,G,B,D,A,H,-,C,A,0,Y,,,,Y,,N,60,0,0,1,0,1,0,0,0,0,"- ","- ",,,"LOS ANGELES","LOS ANGELES",-118.43032389,34.147870640000001
6912541,2015,2015-05-20,1942,2015-04-23,0900,37774,1642,4,5,7,1942,0,0,0,P,0,19T77,"VAN NUYS BL","KEWEN ST",150.00,N,N,A,-,N,,,,,,,,,,N,3,0,1,2,A,-,"- ",,,F,G,B,E,A,H,-,A,D,0,Y,Y,,,Y,,L,04,0,1,0,0,1,0,0,0,0,"- ","- ",,,"LOS ANGELES","LOS ANGELES",-118.42683212999999,34.262655649999999
6912543,2015,2015-05-20,1942,2015-04-26,1850,39281,0967,7,5,7,1942,0,0,0,I,0,19T75,"HAZELTINE AV","RIVERSIDE DR",500.00,S,N,A,-,N,,,,,,,,,,N,4,0,1,2,D,-,00,,,N,G,B,D,A,H,-,C,D,0,Y,,,,Y,,-,"- ",0,0,1,0,1,0,0,0,0,"- ","- ",,,"LOS ANGELES","LOS ANGELES",-118.43998000000001,34.15623867
6912557,2015,2015-05-20,1942,2015-04-30,0808,37774,1999,4,5,7,1942,0,0,0,,0,19T77,"WHITSETT AV","CANTARA ST",10.00,N,N,A,-,N,,,,,,,,,,N,4,0,1,2,A,-,11,21950,B,F,G,-,-,A,H,-,A,D,0,Y,,,,Y,,-,99,0,0,1,0,1,0,0,0,0,"- ","- ",,,"LOS ANGELES","LOS ANGELES",-118.40526027999999,34.219857429999998
6912565,2015,2015-05-22,1942,2015-03-14,0125,41376,0638,6,5,7,1942,0,0,0,F,0,6A48,"FRANKLIN AV","WILTON PL",0.00,,Y,A,-,N,,,,,,,,,,N,4,0,1,2,A,-,11,21456,B,N,G,B,B,A,H,-,C,A,0,Y,,,,Y,,N,60,0,0,1,0,1,0,0,0,0,"- ","- ",,,"LOS ANGELES","LOS ANGELES",-118.31366004,34.105340069999997
6912566,2015,2015-05-22,1942,2015-03-21,1200,36553,1431,6,5,7,1942,0,0,0,N,0,14TL47,"MARKET ST","MAIN ST",16.00,E,N,A,-,N,,,,,,,,,,N,3,0,1,2,A,-,10,21950,A,N,G,B,B,A,H,-,A,D,0,Y,,,,Y,,A,01,0,1,0,0,1,0,0,0,0,"- ","- ",,,"LOS ANGELES","LOS ANGELES",-118.47177000000001,33.98892