CASE_ID,ACCIDENT_YEAR,PROC_DATE,JURIS,COLLISION_DATE,COLLISION_TIME,OFFICER_ID,REPORTING_DISTRICT,DAY_OF_WEEK,CHP_SHIFT,POPULATION,CNTY_CITY_LOC,SPECIAL_COND,BEAT_TYPE,CHP_BEAT_TYPE,CITY_DIVISION_LAPD,CHP_BEAT_CLASS,BEAT_NUMBER,PRIMARY_RD,SECONDARY_RD,DISTANCE,DIRECTION,INTERSECTION,WEATHER_1,WEATHER_2,STATE_HWY_IND,CALTRANS_COUNTY,CALTRANS_DISTRICT,STATE_ROUTE,ROUTE_SUFFIX,POSTMILE_PREFIX,POSTMILE,LOCATION_TYPE,RAMP_INTERSECTION,SIDE_OF_HWY,TOW_AWAY,COLLISION_SEVERITY,NUMBER_KILLED,NUMBER_INJURED,PARTY_COUNT,PRIMARY_COLL_FACTOR,PCF_CODE_OF_VIOL,PCF_VIOL_CATEGORY,PCF_VIOLATION,PCF_VIOL_SUBSECTION,HIT_AND_RUN,TYPE_OF_COLLISION,MVIW,PED_ACTION,ROAD_SURFACE,ROAD_COND_1,ROAD_COND_2,LIGHTING,CONTROL_DEVICE,CHP_ROAD_TYPE,PEDESTRIAN_ACCIDENT,BICYCLE_ACCIDENT,MOTORCYCLE_ACCIDENT,TRUCK_ACCIDENT,NOT_PRIVATE_PROPERTY,ALCOHOL_INVOLVED,STWD_VEHTYPE_AT_FAULT,CHP_VEHTYPE_AT_FAULT,COUNT_SEVERE_INJ,COUNT_VISIBLE_INJ,COUNT_COMPLAINT_PAIN,COUNT_PED_KILLED,COUNT_PED_INJURED,COUNT_BICYCLIST_KILLED,COUNT_BICYCLIST_INJURED,COUNT_MC_KILLED,COUNT_MC_INJURED,PRIMARY_RAMP,SECONDARY_RAMP,LATITUDE,LONGITUDE,COUNTY,CITY,POINT_X,POINT_Y
6923986,2015,2015-05-29,1942,2015-03-30,1415,41629,1141,1,5,7,1942,0,0,0,K,0,1A1,"N EDGEMONT",FRANKLIN,38.00,S,N,A,-,N,,,,,,,,,,N,3,0,1,2,A,-,11,21955,,N,G,B,D,A,H,-,A,D,0,Y,,,,Y,,N,60,0,1,0,0,1,0,0,0,0,"- ","- ",,,"LOS ANGELES","LOS ANGELES",-118.29616913,34.105285790000003
6924205,2015,2015-06-11,9525,2015-03-10,1220,18357,,2,1,5,1906,1,4,S,,2,901,"LA RICA AV","RAMONA PKWY",300.00,N,N,A,-,N,,,,,,,,,,N,3,0,1,2,C,-,18,,,N,G,A,G,A,H,-,A,D,0,Y,,,,Y,,-,"- ",0,1,0,0,1,0,0,0,0,"- ","- ",34.086150000000004,-117.96702000000001,"LOS ANGELES","BALDWIN PARK",-117.96693492999999,34.086168630000003
6924906,2015,2015-06-03,9525,2015-03-02,1320,18164,,1,1,9,1900,0,3,5,,2,001,"WYLAND WY","PECK RD",60.00,W,N,B,-,N,,,,,,,,,,N,4,0,1,3,A,-,11,21954,A,F,G,B,D,A,H,-,A,D,0,Y,,,,Y,,N,60,0,0,1,0,1,0,0,0,0,"- ","- ",34.118490000000001,-118.00436000000001,"LOS ANGELES",UNINCORPORATED,-118.00404775,34.118553300000002
6924926,2015,2015-06-03,9525,2015-03-05,1825,19291,,4,2,9,1900,0,3,5,,2,003,"WINTON AV","GEMINI ST",750.00,N,N,A,-,N,,,,,,,,,,N,3,0,1,2,A,-,11,21954,A,N,G,B,D,A,H,-,C,D,0,Y,,,,Y,,N,60,0,1,0,0,1,0,0,0,0,"- ","- ",34.018610000000002,-117.91558000000001,"LOS ANGELES",UNINCORPORATED,-117.91526569,34.019442410000003
6925651,2015,2015-05-20,1942,2015-04-17,1640,38496,0312,5,5,7,1942,0,0,0,C,0,,"JEFFERSON BL","RAYMOND AV",0.00,,Y,A,-,N,,,,,,,,,,N,3,0,2,3,A,-,10,21950,A,N,B,B,B,A,-,-,A,D,0,Y,,,,Y,,A,01,0,1,1,0,2,0,0,0,0,"- ","- ",,,"LOS ANGELES","LOS ANGELES",-118.29805,34.025530080000003
6925660,2015,2015-05-20,1942,2015-04-09,1550,38444,0561,4,5,7,1942,0,0,0,E,0,12TL73,"7TH ST","WEYMOUTH AV",10.00,N,N,A,-,N,,,,,,,,,,N,3,0,1,2,A,-,10,21950,A,N,G,B,B,A,H,-,A,A,0,Y,,,,Y,,A,01,0,1,0,0,1,0,0,0,0,"- ","- ",,,"LOS ANGELES","LOS ANGELES",-118.30969,33.737929999999999
6925664,2015,2015-05-20,1942,2015-04-05,1400,31745,524,7,5,7,1942,0,0,0,,0,3TL5,ANAHEIM,"WILMINGTON BL",25.00,E,N,A,-,N,,,,,,,,,,N,3,0,1,2,A,-,10,21950,A,F,B,B,B,A,H,-,A,A,0,Y,,,,Y,,-,99,0,1,0,0,1,0,0,0,0,"- ","- ",,,"LOS ANGELES","LOS ANGELES",-118.27408805,33.779334200000001
6925965,2015,2015-05-29,1900,2015-05-08,1736,526021,0542,5,5,3,1921,0,0,0,,0,58T1PM,"HIGHLAND AV","3RD ST",989.00,N,N,B,-,N,,,,,,,,,,N,2,0,1,2,A,-,11,21954,A,N,G,B,D,A,H,-,B,D,0,Y,,,,Y,,N,60,1,0,0,0,1,0,0,0,0,"- ","- ",,,"LOS ANGELES",DUARTE,-117.96662999999999,34.143329999999999
6926335,2015,2015-05-28,1900,2015-04-23,1730,528221,1135,4,5,6,1992,0,0,0,,0,112T1,"CHALLENGER WY","AVENUE J",255.00,N,N,A,G,N,,,,,,,,,,N,4,0,1,2,A,-,11,21955,,M,G,B,D,A,H,-,A,D,0,Y,,,,Y,,N,60,0,0,1,0,1,0,0,0,0,"- ","- ",,,"LOS ANGELES",LANCASTER,-118.112667,34.690181000000003
6926336,2015,2015-05-28,1900,2015-04-21,2200,550490,1127,2,5,6,1992,0,0,0,,0,111T2,"AVENUE J","20TH ST W",423.00,W,N,A,-,N,,,,,,,,,,N,4,0,1,2,A,-,11,21954,A,M,G,B,D,A,H,-,C,D,0,Y,,,,Y,,N,60,0,0,1,0,1,0,0,0,0,"- ","- ",,,"LOS ANGELES",LANCASTER,-118.16706421000001,34.689419999999998
6926408,2015,2015-05-26,1942,2015-04-04,2325,39745,1162,6,5,7,1942,0,0,0,K,0,1TL11,"SUNSET DR","VIRGIL AV",16.00,E,N,A,-,N,,,,,,,,,,N,4,0,1,2,A,-,11,21954,A,N,B,B,D,A,H,-,D,D,0,Y,,,,Y,,N,60,0,0,1,0,1,0,0,0,0,"- ","- ",,,"LOS ANGELES","LOS ANGELES",-118.28735727999999,34.098131420000001
6926420,2015,2015-05-26,1942,2015-04-14,2300,38922,1141,2,5,7,1942,0,0,0,K,0,11A25,"HOLLYWOOD BL","ALEXANDRIA AV",0.00,,Y,A,-,N,,,,,,,,,,N,4,0,1,2,A,-,10,21950,A,N,G,B,B,A,H,-,C,A,0,Y,,,,Y,,-,,0,0,1,0,1,0,0,0,0,"- ","- ",,,"LOS ANGELES","LOS ANGELES",-118.29836005999999,34.101760079999998
6926424,2015,2015-05-26,1942,2015-04-23,1630,25115,1361,4,5,7,1942,0,0,0,M,0,11T21,"VERNON AV",BROADWAY,500.00,E,N,A,-,N,,,,,,,,,,N,2,0,1,2,A,-,11,21954,,N,G,B,E,A,H,-,A,D,0,Y,,,,Y,,N,60,1,0,0,0,1,0,0,0,0,"- ","- ",,,"LOS ANGELES","LOS ANGELES",-118.2767236,34.003810000000001
6926482,2015,2015-05-27,1942,2015-04-29,1725,36330,1622,3,5,7,1942,0,0,0,P,0,16X2,"PAXTON ST","TELFAIR AV",0.00,,Y,A,-,N,,,,,,,,,,N,3,0,2,3,A,-,10,21950,A,N,D,B,B,A,H,-,A,A,0,Y,,,,Y,,-,,0,1,1,0,2,0,0,0,0,"- ","- ",,,"LOS ANGELES","LOS ANGELES",-118.43189013,34.269530060000001
6926495,2015,2015-06-01,1900,2015-05-11,0800,516691,2943,1,5,5,1915,0,0,0,,0,282T1,"COMPTON BL","SLOAN AV",0.00,,Y,A,-,N,,,,,,,,,,N,3,0,2,3,A,-,10,21950,A,N,E,C,B,A,H,-,A,A,0,Y,,,,Y,,A,07,0,1,1,0,2,0,0,0,0,"- ","- ",,,"LOS ANGELES",COMPTON,-118.21047009999999,33.896030029999999
6926501,2015,2015-05-27,1942,2015-04-24,1050,39085,1785,5,5,7,1942,0,0,0,Q,0,17TL17,"DARBY AV","NORDHOFF ST",8.00,N,N,A,-,N,,,,,,,,,,N,4,0,1,2,A,-,10,21950,A,N,G,B,B,A,H,-,A,D,0,Y,,,,Y,,A,01,0,0,1,0,1,0,0,0,0,"- ","- ",,,"LOS ANGELES","LOS ANGELES",-118.53379,34.235471939999996
6926509,2015,2015-05-27,1942,2015-04-24,2045,39578,1745,5,5,7,1942,0,0,0,Q,0,17X82,"CHATSWORTH ST","ENCINO AV",5.00,E,N,B,-,N,,,,,,,,,,N,4,0,1,2,A,-,10,21950,A,N,G,B,B,A,H,-,C,A,0,Y,,,,Y,,-,,0,0,1,0,1,0,0,0,0,"- ","- ",,,"LOS ANGELES","LOS ANGELES",-118.51540348,34.264859999999999
6926605,2015,2015-06-10,1942,2015-05-07,0800,32781,1545,4,5,7,1942,0,0,0,O,0,15A21,"CHANDLER BL","VANTAGE AV",0.00,,Y,A,B,N,,,,,,,,,,N,4,0,1,2,A,-,10,21950,A,N,G,B,B,A,H,-,A,A,0,Y,,,,Y,,-,,0,0,1,0,1,0,0,0,0,"- ","- ",,,"LOS ANGELES","LOS ANGELES",-118.39823004,34.168650040000003
6926691,2015,2015-05-27,1955,2015-04-26,0224,41974,5,7,5,6,1955,0,0,0,,0,004,"S GIBBS AV","E 3RD ST",138.00,N,N,A,-,N,,,,,,,,,,N,4,0,1,2,A,-,11,21956,,N,G,B,E,A,H,-,C,A,0,Y,,,,Y,,N,60,0,0,1,0,1,0,0,0,0,"- ","- ",,,"LOS ANGELES",POMONA,-117.74795247,34.05732811
6926814,2015,2015-06-16,1942,2015-05-07,1445,25194,1591,4,5,7,1942,0,0,0,O,0,15A67,"COLDWATER CANYON BL","VENTURA BL",8.00,N,N,B,-,N,,,,,,,,,,N,3,0,1,2,A,-,10,21950,A,N,-,B,B,A,H,-,A,A,0,Y,,,,Y,,D,22,0,1,0,0,1,0,0,0,0,"- ","- ",,,"LOS ANGELES","LOS ANGELES",-118.41372267,34.145151830000003
6926823,2015,2015-10-12,1942,2015-05-04,1600,38369,LA,1,5,7,1942,0,0,0,,0,16A37,MCVINE,FOOTHILL,25.00,S,N,A,-,N,,,,,,,,,,N,3,0,1,2,A,-,02,21654,A,N,G,B,D,A,H,-,A,D,0,Y,,,,Y,,N,60,0,1,0,0,1,0,0,0,0,"- ","- ",,,"LOS ANGELES","LOS ANGELES",-118.31138036999999,34.259601439999997
6926869,2015,2015-06-02,9530,2015-04-27,2018,020938,,1,2,9,1900,0,3,5,,2,001,"ALAMEDA ST","76TH ST",320.00,S,N,A,-,N,,,,,,,,,,N,3,0,1,2,A,-,11,21954,A,N,G,B,D,A,H,-,C,D,0,Y,,,,Y,Y,N,60,0,1,0,0,1,0,0,0,0,"- ","- ",33.97101,-118.2341,"LOS ANGELES",UNINCORPORATED,-118.23404198,33.971056519999998
6927055,2015,2015-05-29,1942,2015-04-18,0735,40476,1205,6,5,7,1942,0,0,0,L,0,3TL5,"51ST ST","VERMONT AV",5.00,E,N,A,-,N,,,,,,,,,,,4,0,1,2,A,-,10,21950,A,N,-,-,-,A,H,-,A,-,0,Y,,,,Y,,A,08,0,0,1,0,1,0,0,0,0,"- ","- ",,,"LOS ANGELES","LOS ANGELES",-118.29152999999999,33.996859999999998
6927056,2015,2015-05-26,1942,2015-04-16,1930,40697,1249,4,5,7,1942,0,0,0,L,0,18T39,"FIGUEROA ST","62ND ST",3.00,N,N,A,-,N,,,,,,,,,,N,3,0,1,2,A,-,10,21950,A,N,G,B,D,A,H,-,B,D,0,Y,,,,Y,,A,07,0,1,0,0,1,0,0,0,0,"- ","- ",,,"LOS ANGELES","LOS ANGELES",-118.2826702,33.983258229999997
6927057,2015,2015-05-29,1942,2015-04-22,1600,40440,1269,3,5,7,1942,0,0,0,L,0,3T37,"MANCHESTER AV","CENTRAL AV",5.00,W,N,A,-,N,,,,,,,,,,N,4,0,1,2,A,-,10,21950,A,N,G,B,B,A,H,-,A,A,0,Y,,,,Y,,A,01,0,0,1,0,1,0,0,0,0,"- ","- ",,,"LOS ANGELES","LOS ANGELES",-118.25643646,33.960160000000002
6927062,2015,2015-05-29,1942,2015-04-21,2100,40869,1257,2,5,7,1942,0,0,0,L,0,18T23,"79TH ST","FIGUEROA ST",10.00,E,N,A,-,N,,,,,,,,,,N,4,0,1,2,A,-,10,21950,A,F,G,B,B,A,H,-,C,A,0,Y,,,,Y,,-,99,0,0,1,0,1,0,0,0,0,"- ","- ",,,"LOS ANGELES","LOS ANGELES",-118.2826871,33.967840719999998
6927063,2015,2015-05-26,1901,2015-04-28,1035,249,04,2,5,5,1901,0,0,0,,0,001,"GRANADA AV","MAIN ST",8.00,N,N,A,-,N,,,,,,,,,,N,4,0,1,2,A,-,10,21950,A,N,B,B,B,A,H,-,A,A,0,Y,,,,Y,,A,01,0,0,1,0,1,0,0,0,0,"- ","- ",,,"LOS ANGELES",ALHAMBRA,-118.1177933,34.099488940000001
6927073,2015,2015-05-29,1942,2015-04-30,1920,39028,1233,4,5,7,1942,0,0,0,L,0,5T21,"60TH PL","WESTERN AV",8.00,E,N,A,-,N,,,,,,,,,,N,4,0,1,2,A,-,10,21950,A,F,G,B,B,A,H,-,A,A,0,Y,,,,Y,,-,99,0,0,1,0,1,0,0,0,0,"- ","- ",,,"LOS ANGELES","LOS ANGELES",-118.30893365999999,33.985039999999998
6927077,2015,2015-05-29,1942,2015-04-30,0650,40869,1239,4,5,7,1942,0,0,0,L,0,12T41,FIGUEROA,"61ST ST",10.00,S,N,A,-,N,,,,,,,,,,N,4,0,1,2,A,-,11,21456,B,N,G,B,B,A,H,-,A,A,0,Y,,,,Y,,N,60,0,0,1,0,1,0,0,0,0,"- ","- ",,,"LOS ANGELES","LOS ANGELES",-118.28269895,33.984162589999997
6927292,2015,2015-06-09,1923,2015-05-15,1734,498,107,5,5,3,1923,0,0,0,,0,001,"WHITING ST","PINE AV",179.00,S,N,A,-,N,,,,,,,,,,N,3,0,1,2,A,-,11,21954,A,N,G,B,D,A,H,-,A,D,0,Y,,,,Y,,N,60,0,1,0,0,1,0,0,0,0,"- ","- ",,,"LOS ANGELES","EL SEGUNDO",-118.42067642000001,33.921719019999998
6927381,2015,2015-06-01,1942,2015-05-08,2345,40639,1525,5,5,7,1942,0,0,0,O,0,21T61,"KITTRIDGE ST","MORELLA AV",15.00,S,N,A,-,N,,,,,,,,,,N,3,0,1,2,A,-,10,21950,A,F,G,B,B,A,H,-,C,D,0,Y,,,,Y,,-,99,0,1,0,0,1,0,0,0,0,"- ","- ",,,"LOS ANGELES","LOS ANGELES",-118.39002000000001,34.190300000000001
6927383,2015,2016-11-05,1929,2015-05-14,0728,157,SOUTH,4,5,3,1929,0,0,0,,0,003,"PACIFIC COAST HWY","ARTESIA BL",9.00,S,N,B,-,Y,LA,7,1,-,-,21.910,H,-,S,N,3,0,1,2,A,-,11,21954,A,N,G,B,D,A,H,-,A,A,0,Y,,,,Y,,N,60,0,1,0,0,1,0,0,0,0,"- ","- ",,,"LOS ANGELES","HERMOSA BEACH",-118.39557465,33.872708330000002
6927436,2015,2015-06-08,1942,2015-05-08,1040,32973,0201,5,5,7,1942,0,0,0,B,0,11TL32,"MELROSE AV","VERMONT AV",0.00,,Y,B,-,N,,,,,,,,,,N,3,0,1,2,A,-,10,21950,A,F,G,B,B,A,H,-,A,A,0,Y,,,,Y,,A,01,0,1,0,0,1,0,0,0,0,"- ","- ",,,"LOS ANGELES","LOS ANGELES",-118.29171012,34.08358003
6927439,2015,2016-03-03,1942,2015-05-09,1326,39062,0265,6,5,7,1942,0,0,0,B,0,1T11,"7TH ST","ALVARADO ST",90.00,E,N,B,-,N,,,,,,,,,,N,3,0,1,2,A,-,21,22106,,F,G,B,F,A,H,-,A,D,0,Y,,,,Y,,-,99,0,1,0,0,1,0,0,0,0,"- ","- ",,,"LOS ANGELES","LOS ANGELES",-118.27655065,34.056360300000001
6927639,2015,2015-05-28,1900,2015-04-26,2222,526451,2820,7,5,5,1915,0,0,0,,0,281T1,"SANTA FE AV","EL SEGUNDO BL",139.00,S,N,A,-,N,,,,,,,,,,N,4,0,1,2,A,-,11,21956,A,F,G,-,E,A,H,-,C,D,0,Y,,,,Y,,N,60,0,0,1,0,1,0,0,0,0,"- ","- ",,,"LOS ANGELES",COMPTON,-118.21747182999999,33.916431899999999
6927788,2015,2015-06-08,1922,2015-05-10,1852,640,,7,5,6,1922,0,0,0,,0,003,"HABER AV","BONWOOD RD",50.00,N,N,A,-,N,,,,,,,,,,N,3,0,1,2,A,-,11,21955,,N,G,B,D,A,H,-,A,D,0,Y,,,,Y,,N,60,0,1,0,0,1,0,0,0,0,"- ","- ",,,"LOS ANGELES","EL MONTE",-118.03282,34.055227090000002
6927826,2015,2015-06-02,1955,2015-05-04,1321,40437,0006,1,5,6,1955,0,0,0,,0,001,"GAREY AV","CENTER ST",100.00,N,N,B,-,N,,,,,,,,,,N,4,0,1,2,A,-,11,21954,A,N,G,B,D,A,H,-,A,D,0,Y,,,,Y,,N,60,0,0,1,0,1,0,0,0,0,"- ","- ",,,"LOS ANGELES",POMONA,-117.75028829999999,34.061694009999997
6927869,2015,2015-06-04,1955,2015-05-07,1254,40624,24,4,5,6,1955,0,0,0,,0,002,"LA VERNE AV","ORANGE GROVE AV",0.00,,Y,B,-,N,,,,,,,,,,N,4,0,1,2,A,-,10,21950,A,N,G,B,B,A,H,-,A,A,0,Y,,,,Y,,A,01,0,0,1,0,1,0,0,0,0,"- ","- ",,,"LOS ANGELES",POMONA,-117.74627,34.08211008
6928436,2015,2015-06-10,1975,2015-05-06,0916,353,,3,5,6,1975,0,0,0,,0,004,"GLENDORA AV","CAMERON AV",255.00,N,N,A,-,N,,,,,,,,,,N,4,0,1,2,A,-,00,21952,A,F,G,B,F,A,H,-,A,D,0,Y,,,,Y,,-,,0,0,1,0,1,0,0,0,0,"- ","- ",,,"LOS ANGELES","WEST COVINA",-117.93125275,34.062135560000002
6928749,2015,2015-06-18,1922,2015-05-05,1039,524061,0526,2,5,6,1922,0,0,0,,0,55T1AM,"RUSH ST","DURFEE AV",0.00,,Y,A,-,N,,,,,,,,,,N,4,0,1,2,A,-,10,21950,A,M,G,B,B,A,H,-,A,A,0,Y,,,,Y,,-,99,0,0,1,0,1,0,0,0,0,"- ","- ",,,"LOS ANGELES","EL MONTE",-118.02990010000001,34.045720009999997
6928779,2015,2015-06-09,1956,2015-05-15,2143,1293,05,5,5,5,1956,0,0,0,,0,001,"S PROSPECT AV","AVENUE F",32.00,S,N,A,-,N,,,,,,,,,,Y,2,0,1,2,A,-,11,21956,B,N,G,B,D,A,H,-,C,D,0,Y,,,,Y,,N,60,1,0,0,0,1,0,0,0,0,"- ","- ",,,"LOS ANGELES","REDONDO BEACH",-118.37691887,33.818402229999997
6928780,2015,2015-06-09,1956,2015-05-15,1732,1224,37,5,5,5,1956,0,0,0,,0,003,"GRANT AV","AVIATION BL",0.00,,Y,A,-,N,,,,,,,,,,N,4,0,1,2,A,-,10,21950,A,N,G,B,B,A,H,-,A,A,0,Y,,,,Y,,A,07,0,0,1,0,1,0,0,0,0,"- ","- ",,,"LOS ANGELES","REDONDO BEACH",-118.38265010000001,33.8691301
6928867,2015,2015-06-11,1953,2015-05-15,1341,7176,1953,5,5,6,1953,0,0,0,,0,002,"LOS ROBLES AV","ORANGE GROVE BL",0.00,,Y,A,-,N,,,,,,,,,,N,4,0,1,2,A,-,10,21950,A,N,A,B,B,A,H,-,A,A,0,Y,,,,Y,,A,01,0,0,1,0,1,0,0,0,0,"- ","- ",,,"LOS ANGELES",PASADENA,-118.14154001,34.157820090000001
6928872,2015,2015-06-17,1953,2015-05-11,1404,1001,1953,1,5,6,1953,0,0,0,,0,002,"EL MOLINO AV","MAPLE ST",350.00,N,N,A,-,N,,,,,,,,,,N,3,0,2,3,A,-,11,21955,,N,G,B,D,A,H,-,A,D,0,Y,,,,Y,,-,"- ",0,2,0,0,2,0,0,0,0,"- ","- ",,,"LOS ANGELES",PASADENA,-118.1369502,34.153299590000003
6928941,2015,2015-06-09,1941,2015-05-02,1032,10002,,6,5,7,1941,0,0,0,,0,,BROADWAY,"MAGNOLIA AV",8.00,W,N,A,-,N,,,,,,,,,,N,2,0,1,2,A,-,08,22101,D,N,D,B,B,A,H,-,A,A,0,Y,,,,Y,,A,,1,0,0,0,1,0,0,0,0,"- ","- ",,,"LOS ANGELES","LONG BEACH",-118.19805627,33.769289999999998
6929619,2015,2015-05-28,1942,2015-04-05,1425,38310,1488,7,5,7,1942,0,0,0,N,0,14TL52,"96TH ST","JENNY AV",240.00,W,N,A,-,N,,,,,,,,,,N,3,0,1,2,A,-,11,21954,A,N,G,B,D,A,H,-,A,D,0,Y,,,,Y,,N,60,0,1,0,0,1,0,0,0,0,"- ","- ",,,"LOS ANGELES","LOS ANGELES",-118.39003989,33.94885
6929655,2015,2015-05-29,1942,2015-04-07,1200,39651,0881,2,5,7,1942,0,0,0,H,0,7T23,"BUNDY DR","CA GRANGE AV",0.00,,Y,A,-,N,,,,,,,,,,N,3,0,1,2,A,-,10,21950,A,N,G,B,B,A,H,-,A,A,0,Y,,,,Y,,A,01,0,1,0,0,1,0,0,0,0,"- ","- ",,,"LOS ANGELES","LOS ANGELES",-118.45551,34.033920000000002
6929679,2015,2015-05-29,1942,2015-04-14,0855,39022,0842,2,5,7,1942,0,0,0,H,0,7TL71,"OHIO AV","BARRY AV",10.00,W,N,A,-,N,,,,,,,,,,N,4,0,1,2,A,-,10,21950,A,N,G,B,B,A,H,-,A,D,0,Y,,,,Y,,A,01,0,0,1,0,1,0,0,0,0,"- ","- ",,,"LOS ANGELES","LOS ANGELES",-118.45570693000001,34.044964190000002
6929698,2015,2016-12-03,9530,2015-04-24,0730,020675,,5,1,9,1900,0,1,1,,2,120,"RT 110","223RD ST",5.00,N,N,B,-,Y,LA,7,110,-,-,6.659,R,1,S,N,4,0,3,4,A,-,10,21950,A,F,G,B,B,A,H,-,A,A,1,Y,,,,Y,,-,99,0,0,3,0,3,0,0,0,0,TO,"- ",33.82441,-118.28849,"LOS ANGELES",UNINCORPORATED,-118.28750468,33.826506019999997
6929807,2015,2015-06-03,1942,2015-05-11,2216,41633,0735,1,5,7,1942,0,0,0,G,0,7A21,"8TH ST","LA BREA",85.00,W,N,A,-,N,,,,,,,,,,Y,4,0,1,4,A,-,01,23152,A,F,G,B,E,A,H,-,C,D,0,Y,,,,Y,Y,A,01,0,0,1,0,1,0,0,0,0,"- ","- ",,,"LOS ANGELES","LOS ANGELES",-118.34495986,34.060509740000001
6929891,2015,2015-06-04,1942,2015-05-07,1650,37700,1469,4,5,7,1942,0,0,0,N,0,14TL52,"CENTINELA AV","LA TIJERA BL",286.00,S,N,B,-,N,,,,,,,,,,N,4,0,1,2,A,-,09,21804,A,N,G,B,F,A,H,-,A,D,0,Y,,,,Y,,A,01,0,0,1,0,1,0,0,0,0,"- ","- ",,,"LOS ANGELES","LOS ANGELES",-118.37276936000001,33.977260000000001
6929903,2015,2015-06-04,1942,2015-05-02,2300,40452,0807,6,5,7,1942,0,0,0,H,0,14T47,"N BEVERLY GLEN BL","OLETHA LN",30.00,S,N,A,-,N,,,,,,,,,,N,3,0,1,2,A,-,03,22350,,N,G,B,E,A,H,-,C,D,0,Y,,,,Y,,A,01,0,1,0,0,1,0,0,0,0,"- ","- ",,,"LOS ANGELES","LOS ANGELES",-118.44633364000001,34.107722369999998
6930444,2015,2015-06-16,1942,2015-04-27,2130,41731,1373,1,5,7,1942,0,0,0,M,0,13A75,"54TH ST",MCKINLEY,100.00,W,N,A,-,N,,,,,,,,,,N,4,0,4,5,A,-,03,22350,,N,C,C,F,A,H,-,C,D,0,Y,,,,Y,,A,01,0,0,4,0,3,0,0,0,0,"- ","- ",,,"LOS ANGELES","LOS ANGELES",-118.26085999999999,33.99342
6930494,2015,2015-06-17,1942,2015-04-27,1606,40162,0142,1,5,7,1942,0,0,0,A,0,11A1,"W 3RD ST","FLOWER ST",50.00,E,N,A,-,N,,,,,,,,,,N,3,0,1,2,A,-,08,22107,,N,G,B,D,A,H,-,A,D,0,Y,,,,Y,Y,-,"- ",0,1,0,0,1,0,0,0,0,"- ","- ",,,"LOS ANGELES","LOS ANGELES",-118.25355,34.054340000000003
6930513,2015,2015-06-02,1942,2015-05-01,0930,36238,1161,5,5,7,1942,0,0,0,K,0,11T25,"FOUNTAIN AV","ALEXANDRIA AV",5.00,W,N,A,-,N,,,,,,,,,,N,3,0,1,2,A,-,10,21950,A,N,G,B,B,A,H,-,A,D,0,Y,,,,Y,,D,22,0,1,0,0,1,0,0,0,0,"- ","- ",,,"LOS ANGELES","LOS ANGELES",-118.29843645,34.095299189999999
6930518,2015,2015-06-03,1942,2015-04-11,0650,40008,0176,6,5,7,1942,0,0,0,A,0,13TL55,"SAN PEDRO ST",AGATHA,160.00,S,N,A,-,N,,,,,,,,,,N,3,0,1,2,A,-,11,21954,A,N,B,B,D,A,H,-,A,D,0,Y,,,,Y,,N,60,0,1,0,0,1,0,0,0,0,"- ","- ",,,"LOS ANGELES","LOS ANGELES",-118.24838090999999,34.039182609999997
6930684,2015,2015-06-03,1942,2015-05-14,0830,31324,1123,4,5,7,1942,0,0,0,K,0,13T55,"BRUNSWICK AV","GLENDALE BL",0.00,,Y,B,-,N,,,,,,,,,,N,4,0,1,2,A,-,11,21950,B,N,G,B,B,A,H,-,A,A,0,Y,,,,Y,,N,60,0,0,1,0,1,0,0,0,0,"- ","- ",,,"LOS ANGELES","LOS ANGELES",-118.26040011000001,34.118670010000002
6930764,2015,2015-06-08,1942,2015-04-28,1940,41760,321,2,5,7,1942,0,0,0,,0,3A41,"LA CIENEGA BL","CLEMSON ST",0.00,,Y,A,-,N,,,,,,,,,,N,4,0,1,2,A,-,10,21950,A,N,G,B,B,A,H,-,C,A,0,Y,,,,Y,,D,22,0,0,1,0,1,0,0,0,0,"- ","- ",,,"LOS ANGELES","LOS ANGELES",-118.37220014,34.024190009999998
6930765,2015,2015-07-07,1942,2015-05-14,2015,40460,0668,4,5,7,1942,0,0,0,F,0,14T47,"SUNSET BL","WESTERN AV",23.00,E,N,B,C,N,,,,,,,,,,Y,2,0,2,3,A,-,11,21456,B,N,G,B,B,B,H,-,C,A,0,Y,,,,Y,,N,60,1,1,0,0,1,0,0,0,0,"- ","- ",,,"LOS ANGELES","LOS ANGELES",-118.30914417,34.098100000000002
6930841,2015,2015-07-01,1942,2015-05-05,2220,36571,0563,2,5,7,1942,0,0,0,E,0,12T41,"11TH ST","GRAND AV",65.00,E,N,A,-,N,,,,,,,,,,N,3,0,1,2,A,-,11,21955,,N,G,B,D,A,H,-,C,A,0,Y,,,,Y,,D,22,0,1,0,0,1,0,0,0,0,"- ","- ",,,"LOS ANGELES","LOS ANGELES",-118.28997665999999,33.734246929999998
6931040,2015,2015-06-03,1900,2015-01-24,2030,525033,0244,6,5,3,1914,0,0,0,,0,27T,"WASHINGTON BL","COMMERCE WY",413.00,W,N,A,-,N,,,,,,,,,,N,2,0,1,2,A,-,11,21954,A,N,G,B,D,A,H,-,C,D,0,Y,,,,Y,,N,60,1,0,0,0,1,0,0,0,0,"- ","- ",,,"LOS ANGELES",COMMERCE,-118.15726631,33.999473190000003