CASE_ID,ACCIDENT_YEAR,PROC_DATE,JURIS,COLLISION_DATE,COLLISION_TIME,OFFICER_ID,REPORTING_DISTRICT,DAY_OF_WEEK,CHP_SHIFT,POPULATION,CNTY_CITY_LOC,SPECIAL_COND,BEAT_TYPE,CHP_BEAT_TYPE,CITY_DIVISION_LAPD,CHP_BEAT_CLASS,BEAT_NUMBER,PRIMARY_RD,SECONDARY_RD,DISTANCE,DIRECTION,INTERSECTION,WEATHER_1,WEATHER_2,STATE_HWY_IND,CALTRANS_COUNTY,CALTRANS_DISTRICT,STATE_ROUTE,ROUTE_SUFFIX,POSTMILE_PREFIX,POSTMILE,LOCATION_TYPE,RAMP_INTERSECTION,SIDE_OF_HWY,TOW_AWAY,COLLISION_SEVERITY,NUMBER_KILLED,NUMBER_INJURED,PARTY_COUNT,PRIMARY_COLL_FACTOR,PCF_CODE_OF_VIOL,PCF_VIOL_CATEGORY,PCF_VIOLATION,PCF_VIOL_SUBSECTION,HIT_AND_RUN,TYPE_OF_COLLISION,MVIW,PED_ACTION,ROAD_SURFACE,ROAD_COND_1,ROAD_COND_2,LIGHTING,CONTROL_DEVICE,CHP_ROAD_TYPE,PEDESTRIAN_ACCIDENT,BICYCLE_ACCIDENT,MOTORCYCLE_ACCIDENT,TRUCK_ACCIDENT,NOT_PRIVATE_PROPERTY,ALCOHOL_INVOLVED,STWD_VEHTYPE_AT_FAULT,CHP_VEHTYPE_AT_FAULT,COUNT_SEVERE_INJ,COUNT_VISIBLE_INJ,COUNT_COMPLAINT_PAIN,COUNT_PED_KILLED,COUNT_PED_INJURED,COUNT_BICYCLIST_KILLED,COUNT_BICYCLIST_INJURED,COUNT_MC_KILLED,COUNT_MC_INJURED,PRIMARY_RAMP,SECONDARY_RAMP,LATITUDE,LONGITUDE,COUNTY,CITY,POINT_X,POINT_Y
6972348,2015,2015-07-02,1942,2015-04-25,0250,37511,0646,6,5,7,1942,0,0,0,F,0,7T23,"SUNSET BL","LAS PALMAS",15.00,E,N,B,-,N,,,,,,,,,,N,4,0,1,2,A,-,10,21950,A,F,G,B,B,A,H,-,C,A,0,Y,,,,Y,,-,99,0,0,1,0,1,0,0,0,0,"- ","- ",,,"LOS ANGELES","LOS ANGELES",-118.33654055,34.097969999999997
6972375,2015,2015-07-02,9550,2015-04-24,0030,020928,,5,3,9,1900,0,3,5,,2,002,"SANTA GERTRUDES AV","OCEAN AV",387.00,,N,A,-,N,,,,,,,,,,N,2,0,1,2,A,-,05,21651,A,N,G,B,E,A,H,-,C,D,0,Y,,,,Y,Y,A,01,1,0,0,0,1,0,0,0,0,"- ","- ",33.925730000000001,-117.99445,"LOS ANGELES",UNINCORPORATED,-117.99441007999999,33.924480099999997
6972381,2015,2015-07-08,1942,2015-04-27,1200,24517,0739,1,5,7,1942,0,0,0,G,0,7TL38,ROSSMORE,"6TH ST",0.00,,Y,A,-,N,,,,,,,,,,N,4,0,1,2,D,-,00,,,N,G,B,B,A,H,-,A,A,0,Y,,,,Y,,-,"- ",0,0,1,0,1,0,0,0,0,"- ","- ",,,"LOS ANGELES","LOS ANGELES",-118.32758006,34.063890110000003
6972383,2015,2015-07-02,9550,2015-04-22,0900,20954,,3,1,9,1900,0,2,4,,1,023,"MONTELLANO AV","LOS ALTOS DR",80.00,N,N,B,-,N,,,,,,,,,,N,3,0,1,2,A,-,11,21954,A,N,G,B,D,A,H,-,A,D,0,Y,,,,Y,,N,60,0,1,0,0,1,0,0,0,0,"- ","- ",33.986960000000003,-117.98775000000001,"LOS ANGELES",UNINCORPORATED,-117.98513981000001,33.990812839999997
6972428,2015,2015-07-08,1942,2015-06-22,2035,39624,0841,1,5,7,1942,0,0,0,H,0,8T35,"BUNDY DR","SANTA MONICA BL",279.00,N,N,A,-,N,,,,,,,,,,N,4,0,1,2,A,-,11,21954,A,N,G,B,D,A,H,-,C,D,0,Y,,,,Y,Y,N,60,0,0,1,0,1,0,0,0,0,"- ","- ",,,"LOS ANGELES","LOS ANGELES",-118.46393835000001,34.041080700000002
6972497,2015,2015-07-11,1942,2015-05-25,0005,40899,0701,1,5,7,1942,0,0,0,G,0,8T35,"LA CIENEGA BL","MELROSE PL",0.00,,Y,A,-,N,,,,,,,,,,N,3,0,1,2,A,-,11,21954,A,N,G,B,D,A,H,-,C,D,0,Y,,,,Y,Y,N,60,0,1,0,0,1,0,0,0,0,"- ","- ",,,"LOS ANGELES","LOS ANGELES",-118.37651013,34.083610059999998
6972550,2015,2015-07-11,1942,2015-05-16,1525,38794,0333,6,5,7,1942,0,0,0,C,0,3A1W2,"SOMERSET DR","JEFFERSON BL",200.00,N,N,A,-,N,,,,,,,,,,N,2,0,1,2,A,-,03,22350,,F,G,B,E,A,H,-,A,A,0,Y,,,,Y,,-,99,1,0,0,0,1,0,0,0,0,"- ","- ",,,"LOS ANGELES","LOS ANGELES",-118.33738,34.026118539999999
6972552,2015,2015-07-02,1942,2015-05-14,0600,39022,0762,4,5,7,1942,0,0,0,G,0,7TL71,"STEARNS DR","AIRDROME ST",0.00,,Y,A,-,N,,,,,,,,,,N,4,0,1,2,A,-,09,21802,A,F,G,B,E,A,H,-,B,A,0,Y,,,,Y,,-,99,0,0,1,0,1,0,0,0,0,"- ","- ",,,"LOS ANGELES","LOS ANGELES",-118.37273,34.046450020000002
6972553,2015,2015-07-11,1942,2015-05-05,1720,41586,0563,2,5,7,1942,0,0,0,E,0,5A58,"CABRILLO ST","15TH ST",0.00,,Y,A,-,N,,,,,,,,,,N,4,0,1,2,A,-,12,22450,A,N,G,B,B,A,H,-,A,A,0,Y,,,,Y,,A,01,0,0,1,0,1,0,0,0,0,"- ","- ",,,"LOS ANGELES","LOS ANGELES",-118.29461003,33.730630099999999
6972845,2015,2016-11-05,1900,2015-06-11,1234,529688,1015,4,5,3,1995,0,0,0,,0,101T3,"RT 2","CROSS CREEK RD",2112.00,S,N,A,-,Y,LA,7,1,-,-,46.690,H,-,S,N,3,0,1,4,A,-,21,22106,,N,C,B,E,A,H,-,A,D,0,Y,,,,Y,,A,08,0,1,0,0,1,0,0,0,0,"- ","- ",34.210000000000001,-118.40430000000001,"LOS ANGELES",MALIBU,-118.67898556999999,34.035808969999998
6972906,2015,2015-07-17,1942,2015-06-10,0815,41054,2056,3,5,7,1942,0,0,0,,0,7TL23,"12TH ST","BERENDO ST",0.00,,Y,A,-,N,,,,,,,,,,N,4,0,1,2,A,-,10,21950,A,N,G,B,B,A,H,-,A,A,0,Y,,,,Y,,A,01,0,0,1,0,1,0,0,0,0,"- ","- ",,,"LOS ANGELES","LOS ANGELES",-118.29369002,34.049110020000001
6972920,2015,2015-07-25,1942,2015-06-03,1205,34251,0706,3,5,7,1942,0,0,0,G,0,7TL23,"MANSFIELD AV","WARING AV",0.00,,Y,B,-,N,,,,,,,,,,N,4,0,1,2,A,-,03,22350,,F,G,B,B,A,H,-,A,A,0,Y,,,,Y,,-,99,0,0,1,0,1,0,0,0,0,"- ","- ",,,"LOS ANGELES","LOS ANGELES",-118.34064002,34.085270110000003
6972921,2015,2015-07-17,1942,2015-06-21,1720,40440,0379,7,5,7,1942,0,0,0,C,0,3T57,"EXPOSITION BL","VERMONT AV",0.00,,Y,A,-,N,,,,,,,,,,N,3,0,1,2,A,-,11,21456,B,N,G,B,B,A,H,-,A,A,0,Y,,,,Y,,N,60,0,1,0,0,1,0,0,0,0,"- ","- ",,,"LOS ANGELES","LOS ANGELES",-118.29153003,34.018350050000002
6972929,2015,2015-07-17,1942,2015-06-21,2200,31745,0395,7,5,7,1942,0,0,0,C,0,18T23,"VERNON AV","WESTERN AV",0.00,,Y,A,-,N,,,,,,,,,,N,4,0,1,2,A,-,10,21950,A,N,G,B,B,A,H,-,C,A,0,Y,,,,Y,,A,01,0,0,1,0,1,0,0,0,0,"- ","- ",,,"LOS ANGELES","LOS ANGELES",-118.30893003,34.003720090000002
6972939,2015,2015-07-25,1942,2015-06-17,2130,41236,0334,3,5,7,1942,0,0,0,C,0,3A15,"ADAMS BL","BRONSON AV",0.00,,Y,A,-,N,,,,,,,,,,N,3,0,1,2,A,-,10,21950,C,N,G,B,B,A,H,-,C,D,0,Y,,,,Y,,A,01,0,1,0,0,1,0,0,0,0,"- ","- ",,,"LOS ANGELES","LOS ANGELES",-118.33380006,34.032590110000001
6972940,2015,2015-07-25,1942,2015-06-03,1255,26101,0557,3,5,7,1942,0,0,0,E,0,18T23,"GAFFEY ST","5TH ST",0.00,,Y,A,-,N,,,,,,,,,,Y,2,0,1,3,A,-,12,21453,A,N,D,B,B,A,H,-,A,A,0,Y,,Y,,Y,,A,07,1,0,0,0,1,0,0,0,0,"- ","- ",,,"LOS ANGELES","LOS ANGELES",-118.2923301,33.739690080000003
6972956,2015,2015-07-25,1942,2015-06-01,0705,40024,0656,1,5,7,1942,0,0,0,F,0,14T47,"SANTA MONICA BL","VINE ST",0.00,,Y,B,-,N,,,,,,,,,,Y,4,0,1,3,A,-,09,21801,A,N,D,C,B,A,H,-,A,A,0,Y,,,,Y,,A,01,0,0,1,0,1,0,0,0,0,"- ","- ",,,"LOS ANGELES","LOS ANGELES",-118.32661005,34.090740029999999
6973914,2015,2015-07-07,1942,2015-05-30,1255,39062,1177,6,5,7,1942,0,0,0,K,0,2TL15,"AVENUE 26","FIGUEROA ST",5.00,N,N,A,-,N,,,,,,,,,,N,3,0,1,2,A,-,11,21456,B,F,G,B,B,A,H,-,A,A,0,Y,,,,Y,,N,60,0,1,0,0,1,0,0,0,0,"- ","- ",,,"LOS ANGELES","LOS ANGELES",-118.22246148000001,34.083859840000002
6973982,2015,2015-07-08,1942,2015-04-22,1100,41681,0555,3,5,7,1942,0,0,0,E,0,5A11,"GAFFEY ST","7TH ST",0.00,,Y,A,-,N,,,,,,,,,,N,4,0,1,2,A,-,10,21950,A,N,G,B,B,A,H,-,A,A,0,Y,,,,Y,,A,01,0,0,1,0,1,0,0,0,0,"- ","- ",,,"LOS ANGELES","LOS ANGELES",-118.29235011,33.737880089999997
6974033,2015,2015-07-03,9550,2015-04-09,2020,019707,,4,2,9,1900,0,2,4,,1,022,"LEFFINGWELL RD","TELEGRAPH RD",250.00,N,N,A,-,N,,,,,,,,,,N,3,0,1,2,A,-,11,21954,A,N,G,B,D,A,H,-,D,D,0,Y,,,,Y,,N,60,0,1,0,0,1,0,0,0,0,"- ","- ",33.552880000000002,-118.01173,"LOS ANGELES",UNINCORPORATED,-118.02248975000001,33.924410000000002
6974425,2015,2015-07-08,1942,2015-06-02,1840,34959,0734,2,5,7,1942,0,0,0,G,0,20T59,"BURNSIDE AV","6TH ST",0.00,,Y,A,-,N,,,,,,,,,,N,2,0,1,2,A,-,11,21456,B,N,G,B,B,A,H,-,A,A,0,Y,,,,Y,,N,60,1,0,0,0,1,0,0,0,0,"- ","- ",,,"LOS ANGELES","LOS ANGELES",-118.34936007,34.064900049999999
6974426,2015,2015-07-08,1941,2015-06-12,1659,6116,,5,5,7,1941,0,0,0,,0,,"XIMENO AV","XIMENO AV 1650",0.00,,N,A,-,N,,,,,,,,,,N,2,0,1,2,A,-,10,21950,,N,A,B,C,A,H,-,A,A,0,Y,,,,Y,,A,,1,0,0,0,1,0,0,0,0,"- ","- ",,,"LOS ANGELES","LONG BEACH",-118.14038499999999,33.787005999999998
6974453,2015,2015-07-08,1942,2015-06-05,2040,37575,2044,5,5,7,1942,0,0,0,,0,14T47,"8TH ST","IROLO ST",0.00,,Y,A,-,N,,,,,,,,,,N,4,0,1,2,A,-,10,21950,A,F,G,B,B,A,H,-,C,A,0,Y,,,,Y,,-,99,0,0,1,0,1,0,0,0,0,"- ","- ",,,"LOS ANGELES","LOS ANGELES",-118.30090006,34.05773001
6974464,2015,2015-07-08,1942,2015-06-18,1555,40440,0373,4,5,7,1942,0,0,0,C,0,12T73,"MARTIN LUTHER KING BL","DEGNAN BL",100.00,W,N,A,-,N,,,,,,,,,,N,4,0,1,2,A,-,11,21954,A,M,G,B,E,A,H,-,A,D,0,Y,,,,Y,,N,60,0,0,1,0,1,0,0,0,0,"- ","- ",,,"LOS ANGELES","LOS ANGELES",-118.33173934,34.010910000000003
6974482,2015,2015-07-09,1941,2015-06-11,1423,10042,,4,5,7,1941,0,0,0,,0,,"VERMONT ST","ROSWELL AV",0.00,,Y,A,-,N,,,,,,,,,,N,3,0,1,2,D,-,00,,,N,G,B,B,A,H,-,A,A,0,Y,,,,Y,,-,"- ",0,1,0,0,1,0,0,0,0,"- ","- ",,,"LOS ANGELES","LONG BEACH",-118.14376004,33.770780070000001
6974489,2015,2015-07-09,1942,2015-06-19,1335,38354,1796,5,5,7,1942,0,0,0,Q,0,16TL28,PARTHENIA,"BALBOA BL",419.00,E,N,A,-,N,,,,,,,,,,N,3,0,1,2,A,-,11,21955,,N,-,-,E,A,H,-,A,-,0,Y,,,,Y,,N,60,0,1,0,0,1,0,0,0,0,"- ","- ",,,"LOS ANGELES","LOS ANGELES",-118.50119654,34.228491859999998
6974491,2015,2015-07-10,1941,2015-06-09,1325,5407,,2,5,7,1941,0,0,0,,0,,"ANAHEIM ST","CHERRY AV",0.00,,Y,A,-,N,,,,,,,,,,N,4,0,1,2,A,-,10,21950,A,N,G,B,B,A,H,-,A,A,0,Y,,,,Y,,A,07,0,0,1,0,1,0,0,0,0,"- ","- ",,,"LOS ANGELES","LONG BEACH",-118.16766,33.78261011
6974519,2015,2015-07-07,1941,2015-06-15,1733,6062,,1,5,7,1941,0,0,0,,0,,"NIETO AV","THE TOLEDO",0.00,,Y,A,-,N,,,,,,,,,,N,4,0,1,2,A,-,08,22107,,N,G,B,D,A,H,-,A,D,0,Y,,,,Y,,A,,0,0,1,0,1,0,0,0,0,"- ","- ",,,"LOS ANGELES","LONG BEACH",-118.13350008,33.763070050000003
6974521,2015,2015-07-06,1942,2015-06-14,1315,39335,2158,7,5,7,1942,0,0,0,,0,10TL36,"ERWIN ST","VARIEL AV",19.00,W,N,A,-,N,,,,,,,,,,N,3,0,1,2,A,-,10,21950,A,N,G,B,B,A,H,-,A,A,0,Y,,,,Y,,A,01,0,1,0,0,1,0,0,0,0,"- ","- ",,,"LOS ANGELES","LOS ANGELES",-118.59282272,34.1828596
6974532,2015,2015-07-07,1942,2015-06-15,0955,,RD176,1,5,7,1942,0,0,0,,0,17A35,"RESEDA BL","PLUMMER ST",0.00,,Y,A,-,N,,,,,,,,,,N,4,0,1,2,A,-,10,21950,A,N,G,B,B,A,H,-,A,A,0,Y,,,,Y,,A,01,0,0,1,0,1,0,0,0,0,"- ","- ",,,"LOS ANGELES","LOS ANGELES",-118.53608011999999,34.24274003
6974642,2015,2015-07-15,1942,2015-06-18,2250,40628,2044,4,5,7,1942,0,0,0,,0,20T59,"KINGSLEY DR","8TH ST",6.00,S,N,A,-,N,,,,,,,,,,N,3,0,1,2,A,-,10,21950,A,N,G,B,B,A,H,-,C,-,0,Y,,,,Y,,A,07,0,1,0,0,1,0,0,0,0,"- ","- ",,,"LOS ANGELES","LOS ANGELES",-118.30307000000001,34.057683539999999
6974675,2015,2015-07-11,1942,2015-06-11,1735,41059,0515,4,5,7,1942,0,0,0,E,0,3T57,"NEPTUNE AV","R ST",213.00,N,N,A,-,N,,,,,,,,,,N,3,0,1,2,A,-,11,21956,A,N,G,B,E,A,H,-,A,D,0,Y,,,,Y,,N,60,0,1,0,0,1,0,0,0,0,"- ","- ",,,"LOS ANGELES","LOS ANGELES",-118.27028564,33.797732320000001
6974680,2015,2015-07-10,1942,2015-06-24,2100,24475,0723,3,5,7,1942,0,0,0,G,0,6T7,"3RD ST","LA JOLLA AV",90.00,E,N,A,-,N,,,,,,,,,,N,3,0,1,3,A,-,17,22517,,N,G,B,E,A,H,-,C,D,0,Y,,,,Y,,N,60,0,1,0,0,1,0,0,0,0,"- ","- ",,,"LOS ANGELES","LOS ANGELES",-118.36770780000001,34.072377500000002
6974682,2015,2015-07-15,1942,2015-06-20,0250,39388,1472,6,5,7,1942,0,0,0,N,0,14A67,"CULVER BL","W NICHOLSON ST",552.00,W,N,A,-,N,,,,,,,,,,Y,2,0,1,2,A,-,01,23152,A,M,G,B,E,A,H,-,C,A,0,Y,,,,Y,Y,A,07,1,0,0,0,1,0,0,0,0,"- ","- ",,,"LOS ANGELES","LOS ANGELES",-118.4462375,33.960676210000003
6974705,2015,2015-07-15,1942,2015-06-15,1730,31255,0832,1,5,7,1942,0,0,0,H,0,14TL52,"GRANVILLE AV","DOROTHY ST",0.00,,Y,A,-,N,,,,,,,,,,N,3,0,1,2,A,-,10,21950,A,N,G,B,B,A,H,-,A,D,0,Y,,,,Y,,A,01,0,1,0,0,1,0,0,0,0,"- ","- ",,,"LOS ANGELES","LOS ANGELES",-118.46674007,34.052010099999997
6974708,2015,2015-07-10,1942,2015-06-24,1145,38118,2054,3,5,7,1942,0,0,0,,0,20TL58,"OLYMPIC BL","NORMANDIE AV",21.00,E,N,A,-,N,,,,,,,,,,N,3,0,1,2,A,-,12,21453,A,N,G,B,B,A,H,-,A,A,0,Y,,,,Y,,A,01,0,1,0,0,1,0,0,0,0,"- ","- ",,,"LOS ANGELES","LOS ANGELES",-118.29996081,34.052639999999997
6974709,2015,2015-07-15,1942,2015-06-22,2040,39764,0666,1,5,7,1942,0,0,0,F,0,7T23,"CAHUENGA BL","LEXINGTON AV",0.00,,Y,A,-,N,,,,,,,,,,N,4,0,1,2,A,-,10,21950,A,N,G,B,B,A,H,-,C,A,0,Y,,,,Y,,A,07,0,0,1,0,1,0,0,0,0,"- ","- ",,,"LOS ANGELES","LOS ANGELES",-118.32884004,34.09254001
6974718,2015,2015-07-15,1942,2015-06-21,0235,41455,0702,7,5,7,1942,0,0,0,G,0,7A33,"MELROSE AV","GENESSE AV",30.00,E,N,A,-,N,,,,,,,,,,N,3,0,1,2,A,-,10,21950,,N,G,B,D,A,H,-,C,D,0,Y,,,,Y,Y,N,60,0,1,0,0,1,0,0,0,0,"- ","- ",,,"LOS ANGELES","LOS ANGELES",-118.35833114,34.083757939999998
6975284,2015,2015-07-06,1942,2015-05-26,1140,38118,2027,2,5,7,1942,0,0,0,,0,20TL56,"WILSHIRE BL","NEW HAMPSHIRE AV",5.00,W,N,B,-,N,,,,,,,,,,N,4,0,1,2,A,-,10,21950,A,N,G,B,B,A,H,-,A,A,0,Y,,,,Y,,A,01,0,0,1,0,1,0,0,0,0,"- ","- ",,,"LOS ANGELES","LOS ANGELES",-118.29291648,34.061790000000002
6975320,2015,2015-07-06,1942,2015-05-16,1220,39262,2033,6,5,7,1942,0,0,0,,0,7T23,"OXFORD AV","7TH ST",283.00,S,N,A,-,N,,,,,,,,,,N,3,0,1,2,A,-,11,21954,A,N,G,B,D,A,H,-,D,D,0,Y,,,,Y,Y,N,60,0,1,0,0,1,0,0,0,0,"- ","- ",,,"LOS ANGELES","LOS ANGELES",-118.30783,34.058893849999997
6975331,2015,2015-07-06,1942,2015-05-22,1240,40488,2071,5,5,7,1942,0,0,0,,0,20XL3,"VENICE BL","SAINT ANDREWS PL",0.00,,Y,A,-,N,,,,,,,,,,N,4,0,1,2,A,-,10,21950,A,N,G,B,B,A,H,-,A,A,0,Y,,,,Y,,A,01,0,0,1,0,1,0,0,0,0,"- ","- ",,,"LOS ANGELES","LOS ANGELES",-118.31160004,34.043570090000003
6975340,2015,2015-07-07,1942,2015-05-21,0115,41066,2046,4,5,7,1942,0,0,0,,0,20XL3,"VERMONT BL","JAMES M WOOD BL",0.00,,Y,A,-,N,,,,,,,,,,N,4,0,2,3,A,-,10,21950,A,N,G,B,B,A,H,-,C,D,0,Y,,,,Y,,A,01,0,0,2,0,2,0,0,0,0,"- ","- ",,,"LOS ANGELES","LOS ANGELES",-118.29163,34.05594
6975344,2015,2015-07-06,1942,2015-05-15,1405,32565,2091,5,5,7,1942,0,0,0,,0,20TL59,"WASHINGTON BL","SAINT ANDREWS PL",20.00,W,N,A,-,N,,,,,,,,,,N,3,0,2,3,A,-,07,21658,A,N,B,C,E,A,H,-,A,A,0,Y,,,,Y,,A,01,0,1,1,0,1,0,0,0,0,"- ","- ",,,"LOS ANGELES","LOS ANGELES",-118.31159589000001,34.039919400000002
6975550,2015,2016-06-02,1942,2015-06-18,1723,39855,0842,4,5,7,1942,0,0,0,H,0,8A36,"ROCHESTER AV","FEDERAL AV",0.00,,Y,A,-,N,,,,,,,,,,N,4,0,1,2,A,-,10,21950,A,N,G,B,B,A,H,-,A,C,0,Y,,,,Y,,A,01,0,0,1,0,1,0,0,0,0,"- ","- ",,,"LOS ANGELES","LOS ANGELES",-118.45626008000001,34.047280049999998
6975581,2015,2015-07-09,1942,2015-06-24,1010,36955,0753,3,5,7,1942,0,0,0,G,0,7A1,"PICO BL",FAIRFAX,0.00,,Y,A,-,N,,,,,,,,,,N,3,0,1,2,A,-,10,21950,A,N,G,B,B,A,H,-,A,A,0,Y,,,,Y,,A,07,0,1,0,0,1,0,0,0,0,"- ","- ",,,"LOS ANGELES","LOS ANGELES",-118.36665013,34.051500089999998
6975585,2015,2015-07-09,1942,2015-06-21,2230,40953,0666,7,5,7,1942,0,0,0,F,0,6A66,"SUNSET BL","SEWARD ST",0.00,,Y,A,-,N,,,,,,,,,,N,3,0,1,2,A,-,11,21453,D,N,G,B,D,A,H,-,C,A,0,Y,,,,Y,,N,60,0,1,0,0,1,0,0,0,0,"- ","- ",,,"LOS ANGELES","LOS ANGELES",-118.33319007999999,34.09799005
6975612,2015,2015-07-08,1942,2015-06-23,1330,38118,828,2,5,7,1942,0,0,0,,0,8TL26W,"WILSHIRE BL","SELBY AV",220.00,E,N,A,-,N,,,,,,,,,,N,4,0,1,2,A,-,11,21954,A,N,-,B,E,A,H,-,A,D,0,Y,,,,Y,,N,60,0,0,1,0,1,0,0,0,0,"- ","- ",,,"LOS ANGELES","LOS ANGELES",-118.43726932,34.060515119999998
6975659,2015,2016-06-03,1942,2015-06-21,1900,39177,1849,7,5,7,1942,0,0,0,R,0,18T39,"IMPERIAL HWY","WILLOWBROOK AV",300.00,E,N,A,-,N,,,,,,,,,,N,2,0,1,2,A,-,11,21954,A,N,A,B,D,A,H,-,A,D,0,Y,,,,Y,,N,60,1,0,0,0,1,0,0,0,0,"- ","- ",,,"LOS ANGELES","LOS ANGELES",-118.23707428,33.929448350000001
6975899,2015,2015-07-15,1942,2015-06-22,1635,37614,1239,1,5,7,1942,0,0,0,L,0,12FB33,"HOOVER ST","61ST ST",0.00,,Y,A,-,N,,,,,,,,,,N,3,0,1,2,A,-,10,21950,A,F,G,B,B,A,H,-,A,A,0,Y,,,,Y,,-,99,0,1,0,0,1,0,0,0,0,"- ","- ",,,"LOS ANGELES","LOS ANGELES",-118.28707013,33.98462001
6976210,2015,2015-07-14,1942,2015-06-01,1900,30801,0374,1,5,7,1942,0,0,0,C,0,3TL5,"WESTERN AV","42ND PL",0.00,,Y,A,-,N,,,,,,,,,,N,4,0,1,2,A,-,10,21950,A,F,G,B,B,A,H,-,A,D,0,Y,Y,,,Y,,L,04,0,0,1,0,1,0,0,0,0,"- ","- ",,,"LOS ANGELES","LOS ANGELES",-118.30893,34.00635003
6976510,2015,2015-07-06,1906,2015-05-30,2046,2896,1906,6,5,5,1906,0,0,0,,0,003,"VINELAND AV","BADILLO ST",28.00,S,N,A,-,N,,,,,,,,,,Y,4,0,1,2,A,-,10,21950,A,N,A,B,B,A,H,-,C,D,0,Y,,,,Y,,A,01,0,0,1,0,1,0,0,0,0,"- ","- ",,,"LOS ANGELES","BALDWIN PARK",-117.95235177000001,34.087288049999998
6976516,2015,2015-07-03,1942,2015-05-19,2100,41863,1178,2,5,7,1942,0,0,0,K,0,11A17,"NORTH FIGUEROA ST",LARETTO,50.00,S,N,A,-,N,,,,,,,,,,N,2,0,2,2,A,-,21,22106,,N,G,B,F,A,H,-,C,D,0,Y,Y,,,Y,,L,04,1,0,1,0,1,0,1,0,0,"- ","- ",,,"LOS ANGELES","LOS ANGELES",-118.21784583,34.087331450000001
6976521,2015,2016-06-01,1955,2015-05-29,1546,41897,27,5,5,6,1955,0,0,0,,0,002,"E ARROW HWY","YORKSHIRE WY",57.00,W,N,A,-,N,,,,,,,,,,N,3,0,2,3,A,-,05,21651,,N,A,B,D,A,H,-,A,D,0,Y,,,,Y,,A,01,0,1,1,0,2,0,0,0,0,"- ","- ",,,"LOS ANGELES",POMONA,-117.73823778000001,34.09008
6976593,2015,2016-11-07,1900,2015-06-11,0718,516682,0531,4,5,5,1959,0,0,0,,0,53T1AM,"RT 164","MARSHALL ST",279.00,S,N,B,-,Y,LA,7,164,-,-,5.810,H,-,S,N,3,0,2,3,A,-,11,21955,,N,G,B,D,B,H,-,A,D,0,Y,,,,Y,,N,60,0,2,0,0,2,0,0,0,0,"- ","- ",,,"LOS ANGELES",ROSEMEAD,-118.07315508000001,34.075077120000003
6976681,2015,2015-07-03,1942,2015-04-09,0615,41606,1269,4,5,7,1942,0,0,0,L,0,12A3,"CENTRAL AV","81ST ST",30.00,N,N,A,-,N,,,,,,,,,,N,2,0,1,2,A,-,11,21954,A,N,G,B,D,A,H,-,A,D,0,Y,,,,Y,,N,60,1,0,0,0,1,0,0,0,0,"- ","- ",,,"LOS ANGELES","LOS ANGELES",-118.25642999999999,33.965672269999999
6976709,2015,2015-07-02,1942,2015-04-20,1610,41660,1215,1,5,7,1942,0,0,0,L,0,3A34,"54TH ST","VERMONT AV",0.00,,Y,A,-,N,,,,,,,,,,N,4,0,1,2,A,-,21,22106,,F,G,B,E,A,H,-,A,D,0,Y,,,,Y,,-,99,0,0,1,0,1,0,0,0,0,"- ","- ",,,"LOS ANGELES","LOS ANGELES",-118.29150002999999,33.993210009999999
6976717,2015,2015-07-03,1942,2015-04-10,2030,40705,1242,5,5,7,1942,0,0,0,L,0,12A67,"VAN NESS AV","65TH PL",5.00,N,N,A,-,N,,,,,,,,,,N,3,0,2,3,A,-,11,21954,A,N,G,B,B,A,H,-,C,D,0,Y,,,,Y,,N,60,0,2,0,0,2,0,0,0,0,"- ","- ",,,"LOS ANGELES","LOS ANGELES",-118.31771993,33.980013710000001
6976927,2015,2015-07-14,1925,2015-06-01,0755,15427,184,1,5,6,1925,0,0,0,,0,001,"ALLEN AV","BEL AIRE DR",207.00,S,N,B,-,N,,,,,,,,,,N,4,0,1,3,A,-,03,22350,,N,C,B,E,A,G,-,A,D,0,Y,,,,Y,,A,,0,0,1,0,1,0,0,0,0,"- ","- ",,,"LOS ANGELES",GLENDALE,-118.28666286000001,34.180444999999999
6976931,2015,2015-07-14,1925,2015-06-01,1800,21110,239,1,5,6,1925,0,0,0,,0,004,"ADAMS ST","WILSON AV",0.00,,Y,A,-,N,,,,,,,,,,N,4,0,1,2,A,-,10,21950,A,F,G,B,B,A,H,-,A,A,0,Y,,,,Y,,A,01,0,0,1,0,1,0,0,0,0,"- ","- ",,,"LOS ANGELES",GLENDALE,-118.2418301,34.148090089999997
6976935,2015,2015-07-14,1925,2015-06-02,1840,14062,154,2,5,6,1925,0,0,0,,0,004,"WALTONIA DR","WALTONIA DR 429",0.00,,-,A,-,N,,,,,,,,,,,3,0,1,2,A,-,21,22106,,N,H,B,E,A,H,-,A,D,0,Y,,,,Y,,-,,0,1,0,0,1,0,0,0,0,"- ","- ",,,"LOS ANGELES",GLENDALE,-118.219875,34.152141