CASE_ID,ACCIDENT_YEAR,PROC_DATE,JURIS,COLLISION_DATE,COLLISION_TIME,OFFICER_ID,REPORTING_DISTRICT,DAY_OF_WEEK,CHP_SHIFT,POPULATION,CNTY_CITY_LOC,SPECIAL_COND,BEAT_TYPE,CHP_BEAT_TYPE,CITY_DIVISION_LAPD,CHP_BEAT_CLASS,BEAT_NUMBER,PRIMARY_RD,SECONDARY_RD,DISTANCE,DIRECTION,INTERSECTION,WEATHER_1,WEATHER_2,STATE_HWY_IND,CALTRANS_COUNTY,CALTRANS_DISTRICT,STATE_ROUTE,ROUTE_SUFFIX,POSTMILE_PREFIX,POSTMILE,LOCATION_TYPE,RAMP_INTERSECTION,SIDE_OF_HWY,TOW_AWAY,COLLISION_SEVERITY,NUMBER_KILLED,NUMBER_INJURED,PARTY_COUNT,PRIMARY_COLL_FACTOR,PCF_CODE_OF_VIOL,PCF_VIOL_CATEGORY,PCF_VIOLATION,PCF_VIOL_SUBSECTION,HIT_AND_RUN,TYPE_OF_COLLISION,MVIW,PED_ACTION,ROAD_SURFACE,ROAD_COND_1,ROAD_COND_2,LIGHTING,CONTROL_DEVICE,CHP_ROAD_TYPE,PEDESTRIAN_ACCIDENT,BICYCLE_ACCIDENT,MOTORCYCLE_ACCIDENT,TRUCK_ACCIDENT,NOT_PRIVATE_PROPERTY,ALCOHOL_INVOLVED,STWD_VEHTYPE_AT_FAULT,CHP_VEHTYPE_AT_FAULT,COUNT_SEVERE_INJ,COUNT_VISIBLE_INJ,COUNT_COMPLAINT_PAIN,COUNT_PED_KILLED,COUNT_PED_INJURED,COUNT_BICYCLIST_KILLED,COUNT_BICYCLIST_INJURED,COUNT_MC_KILLED,COUNT_MC_INJURED,PRIMARY_RAMP,SECONDARY_RAMP,LATITUDE,LONGITUDE,COUNTY,CITY,POINT_X,POINT_Y
7041875,2015,2015-09-15,1953,2015-08-17,1405,7310,PASAD,1,5,6,1953,0,0,0,,0,005,"COLORADO BL","MADISON AV",180.00,W,N,A,-,N,,,,,,,,,,N,4,0,1,3,A,-,21,22106,,N,C,B,E,A,H,-,A,A,0,Y,,,,Y,,A,01,0,0,1,0,1,0,0,0,0,"- ","- ",,,"LOS ANGELES",PASADENA,-118.13896364999999,34.145850000000003
7041882,2015,2015-09-11,1956,2015-08-22,0701,1303,16,6,5,5,1956,0,0,0,,0,002,"TORRANCE BL",BROADWAY,6.00,W,N,A,-,N,,,,,,,,,,N,2,0,1,2,A,-,10,21950,A,N,G,B,B,A,H,-,A,A,0,Y,,,,Y,,A,01,1,0,0,0,1,0,0,0,0,"- ","- ",,,"LOS ANGELES","REDONDO BEACH",-118.38675972,33.838299710000001
7041917,2015,2015-09-11,1953,2015-08-14,1319,9296,,5,5,6,1953,0,0,0,,0,,"COLORADO BL","CRAIG AV",0.00,,Y,A,-,N,,,,,,,,,,N,3,0,1,2,A,-,11,21453,D,N,G,B,B,A,H,-,A,A,0,Y,,,,Y,,N,60,0,1,0,0,1,0,0,0,0,"- ","- ",,,"LOS ANGELES",PASADENA,-118.10619008,34.146060060000003
7041922,2015,2015-09-19,1942,2015-08-12,1820,41203,0705,3,5,7,1942,0,0,0,G,0,7X58,"MELROSE AV","FORMOSA AV",0.00,,Y,A,-,N,,,,,,,,,,N,4,0,1,2,A,-,10,21950,A,N,G,B,B,A,H,-,A,A,0,Y,,,,Y,Y,A,01,0,0,1,0,1,0,0,0,0,"- ","- ",,,"LOS ANGELES","LOS ANGELES",-118.34625010000001,34.083500059999999
7041928,2015,2015-09-10,1942,2015-08-17,1540,31573,1412,1,5,7,1942,0,0,0,N,0,34MQ09,"THORNTON PL","ROYAL CT",75.00,S,N,A,-,N,,,,,,,,,,N,3,0,1,2,A,-,11,21954,A,N,G,B,E,A,H,-,A,D,0,Y,,,,Y,,A,01,0,1,0,0,1,0,0,0,0,"- ","- ",,,"LOS ANGELES","LOS ANGELES",-118.47608,33.993009999999998
7041942,2015,2015-09-29,1942,2015-08-16,2330,41841,824,7,5,7,1942,0,0,0,,0,8A35,"CHANNEL RD","PACIFIC COAST HWY",75.00,E,N,A,-,N,,,,,,,,,,N,3,0,1,2,A,-,11,21954,A,N,G,B,E,A,H,-,C,A,0,Y,,,,Y,Y,N,60,0,1,0,0,1,0,0,0,0,"- ","- ",,,"LOS ANGELES","LOS ANGELES",-118.51924803999999,34.028368540000002
7041946,2015,2015-09-19,1942,2015-08-16,2330,41463,0817,7,5,7,1942,0,0,0,H,0,8A36,"WESTWOOD BL","WILSHIRE BL",0.00,,Y,A,-,N,,,,,,,,,,N,4,0,1,2,A,-,10,21950,A,N,G,B,B,A,H,-,C,A,0,Y,,,,Y,,A,01,0,0,1,0,1,0,0,0,0,"- ","- ",,,"LOS ANGELES","LOS ANGELES",-118.44392006,34.058779999999999
7041966,2015,2015-09-19,1942,2015-08-16,1130,41203,0822,7,5,7,1942,0,0,0,H,0,8A12,"SUNSET BL","LAS LOMAS",100.00,W,N,A,-,N,,,,,,,,,,N,2,0,1,2,C,-,18,,,N,B,B,E,A,H,-,A,D,0,Y,,,,Y,,-,"- ",1,0,0,0,1,0,0,0,0,"- ","- ",,,"LOS ANGELES","LOS ANGELES",-118.53901621999999,34.048587789999999
7041974,2015,2015-09-19,1942,2015-08-10,1125,41683,802,1,5,7,1942,0,0,0,,0,8A1,"SUNSET BL",SWATHMORE,110.00,E,N,A,-,N,,,,,,,,,,N,4,0,1,3,A,-,10,21950,C,N,B,B,E,A,H,-,A,A,0,Y,,,,Y,,A,01,0,0,1,0,1,0,0,0,0,"- ","- ",,,"LOS ANGELES","LOS ANGELES",-118.5255482,34.047172930000002
7042052,2015,2015-09-09,1923,2015-08-06,1253,502,E212,4,5,3,1923,0,0,0,,0,3L4D,"KANSAS ST","GRAND AV",170.00,S,N,A,-,N,,,,,,,,,,N,3,0,1,2,D,-,00,,,F,G,B,D,A,H,-,A,D,0,Y,,,,Y,Y,-,"- ",0,1,0,0,1,0,0,0,0,"- ","- ",,,"LOS ANGELES","EL SEGUNDO",-118.40052,33.918973710000003
7042055,2015,2015-09-09,1942,2015-08-22,1450,40440,0331,6,5,7,1942,0,0,0,C,0,12T73,"ADAMS BL","LONGWOOD AV",0.00,E,N,A,-,N,,,,,,,,,,Y,2,0,3,3,A,-,03,22350,,N,G,B,F,A,H,-,A,D,0,Y,,Y,,Y,,C,02,2,0,1,0,2,0,0,0,1,"- ","- ",,,"LOS ANGELES","LOS ANGELES",-118.34967001,34.032510019999997
7042103,2015,2016-11-07,9590,2015-06-13,0832,19217,,6,1,7,1942,0,1,1,,2,061,"RT 10","ARLINGTON AV",582.00,W,N,B,-,Y,LA,7,10,-,R,12.210,H,-,W,Y,2,0,1,2,A,-,11,21954,A,N,G,B,E,A,H,-,A,D,1,Y,,,,Y,,N,60,1,0,0,0,1,0,0,0,0,"- ","- ",34.036589999999997,-118.31976,"LOS ANGELES","LOS ANGELES",-118.31958071,34.036534099999997
7042107,2015,2016-11-07,9590,2015-06-13,0505,20436,,6,3,7,1942,0,1,1,,2,060,"RT 10","LA BREA AV",500.00,W,N,A,-,Y,LA,7,10,-,R,10.340,H,-,E,N,2,0,1,2,A,-,11,21954,A,N,G,B,E,A,H,-,C,D,1,Y,,,,Y,,N,60,1,0,0,0,1,0,0,0,0,"- ","- ",34.033940000000001,-118.35345,"LOS ANGELES","LOS ANGELES",-118.35208286,34.034113580000003
7042110,2015,2015-09-04,9550,2015-06-03,1740,017398,,3,2,9,1900,0,3,5,,2,002,"MILLS AV","BROADWAY AV",6.00,N,N,A,-,N,,,,,,,,,,Y,4,0,1,2,A,-,21,22106,,F,G,B,B,A,H,-,A,A,0,Y,,,,Y,,A,01,0,0,1,0,1,0,0,0,0,"- ","- ",,,"LOS ANGELES",UNINCORPORATED,-118.03010269000001,33.941747900000003
7042130,2015,2015-09-04,9550,2015-06-02,0905,019775,,2,1,9,1900,0,2,4,,1,052,"COLIMA RD","JELLICK AV",0.00,,Y,A,-,N,,,,,,,,,,Y,4,0,1,2,A,-,08,22107,,N,E,B,F,A,H,-,A,A,0,Y,,,,Y,,A,01,0,0,1,0,1,0,0,0,0,"- ","- ",,,"LOS ANGELES",UNINCORPORATED,-117.90120007,33.988100109999998
7042140,2015,2015-09-14,1953,2015-06-26,2159,1187,1953,5,5,6,1953,0,0,0,,0,,"FAIR OAKS AV","CONGRESS ST",90.00,N,N,A,-,N,,,,,,,,,,Y,2,0,1,2,A,-,11,21954,A,N,G,B,D,A,H,-,C,D,0,Y,,,,Y,,N,60,1,0,0,0,1,0,0,0,0,"- ","- ",,,"LOS ANGELES",PASADENA,-118.15037072,34.134306629999998
7042679,2015,2016-01-08,1941,2015-07-27,2500,10687,,1,5,7,1941,0,0,0,,0,,"TEMPLE AV","ANAHEIM ST",0.00,,Y,A,-,N,,,,,,,,,,N,4,0,1,2,A,-,10,21950,A,M,G,B,B,A,H,-,A,A,0,Y,,,,Y,,A,,0,0,1,0,1,0,0,0,0,"- ","- ",,,"LOS ANGELES","LONG BEACH",-118.15895007,33.782600070000001
7042737,2015,2015-09-01,1962,2015-08-14,0755,109,1962,5,5,4,1962,0,0,0,,0,023,"NORWOOD PL","DEL MAR AV",276.00,W,N,A,-,N,,,,,,,,,,N,4,0,1,2,A,-,21,22106,,N,G,B,E,A,H,-,A,D,0,Y,,,,Y,,A,07,0,0,1,0,1,0,0,0,0,"- ","- ",,,"LOS ANGELES","SAN GABRIEL",-118.10047947,34.076432150000002
7042997,2015,2015-08-29,1942,2015-08-05,0835,25380,0457,3,5,7,1942,0,0,0,D,0,4A53,"SOTO ST","SHERIDAN ST",60.00,,N,A,-,N,,,,,,,,,,N,4,0,1,2,A,-,11,21954,A,N,D,B,B,-,H,-,A,A,0,Y,,,,Y,,-,,0,0,1,0,1,0,0,0,0,"- ","- ",,,"LOS ANGELES","LOS ANGELES",-118.20583007,34.049920010000001
7043016,2015,2015-09-21,1900,2015-08-06,1004,473010,1515,4,5,5,1954,0,0,0,,0,151T1A,"EGLISE AV","MAJORIE ST",250.00,N,N,A,-,N,,,,,,,,,,N,3,0,1,2,A,-,21,22106,,N,G,B,F,A,H,-,A,D,0,Y,,,,Y,,A,01,0,1,0,0,1,0,0,0,0,"- ","- ",,,"LOS ANGELES","PICO RIVERA",-118.08579,33.984409999999997
7043046,2015,2015-09-09,1942,2015-08-14,0135,39889,0251,5,5,7,1942,0,0,0,B,0,2T15,"WILSHIRE BL","CORONADO ST",155.00,W,N,A,-,N,,,,,,,,,,Y,2,0,3,3,A,-,11,21950,B,N,G,B,D,A,H,-,C,D,0,Y,,,,Y,Y,N,60,1,2,0,0,2,0,0,0,0,"- ","- ",,,"LOS ANGELES","LOS ANGELES",-118.28187117,34.06069926
7043089,2015,2015-09-09,1942,2015-08-10,2150,39876,0111,1,5,7,1942,0,0,0,A,0,1TL11,"BARTLETT ST","BUNKER HILL AV",8.00,E,N,A,-,N,,,,,,,,,,N,3,0,1,2,A,-,10,21950,C,N,A,B,B,A,H,-,C,D,0,Y,,,,Y,,A,01,0,1,0,0,1,0,0,0,0,"- ","- ",,,"LOS ANGELES","LOS ANGELES",-118.24445365,34.062580480000001
7043378,2015,2015-09-17,1942,2015-08-09,0500,37739,1925,7,5,7,1942,0,0,0,,0,19A7,"SAN FERNANDO RD","POLK ST",73.00,S,N,A,-,N,,,,,,,,,,N,4,0,1,2,A,-,11,21954,,F,B,B,E,A,H,-,C,D,0,Y,,,,Y,,N,60,0,0,1,0,1,0,0,0,0,"- ","- ",,,"LOS ANGELES","LOS ANGELES",-118.45901322,34.299023730000002
7043379,2015,2015-09-29,1941,2015-08-14,1125,5839,,5,5,7,1941,0,0,0,,0,,"16TH ST","SANTA FE AV",161.00,E,N,A,-,N,,,,,,,,,,N,3,0,1,2,D,-,00,,,N,G,B,E,A,H,-,A,D,0,Y,,,Y,Y,,-,"- ",0,1,0,0,1,0,0,0,0,"- ","- ",,,"LOS ANGELES","LONG BEACH",-118.21495134,33.78732033
7043696,2015,2015-09-30,1941,2015-08-11,0911,5839,,2,5,7,1941,0,0,0,,0,901T,"MAGNOLIA AV","4TH ST",0.00,,Y,A,-,N,,,,,,,,,,Y,3,0,4,3,A,-,09,21801,A,N,A,C,F,A,H,-,A,A,0,Y,,,,Y,,D,,0,1,3,0,1,0,0,0,0,"- ","- ",,,"LOS ANGELES","LONG BEACH",-118.19805011,33.771740059999999
7043736,2015,2015-09-10,1941,2015-08-06,0942,5407,,4,5,7,1941,0,0,0,,0,,"WARDLOW RD","FAUST AV",0.00,,Y,B,-,N,,,,,,,,,,Y,3,0,2,3,A,-,09,21802,A,N,D,B,F,A,H,-,A,A,0,Y,,,,Y,,-,,0,2,0,0,1,0,0,0,0,"- ","- ",,,"LOS ANGELES","LONG BEACH",-118.11467005,33.818869999999997
7043758,2015,2015-09-21,1941,2015-08-04,2033,5754,,2,5,7,1941,0,0,0,,0,,"DAISY AV WEST","19TH ST",92.00,N,N,-,-,N,,,,,,,,,,N,3,0,1,2,A,-,"- ",,,N,-,-,E,-,-,-,-,-,0,Y,,,,Y,,-,,0,1,0,0,1,0,0,0,0,"- ","- ",,,"LOS ANGELES","LONG BEACH",-118.19954138,33.7919123
7043760,2015,2015-09-10,1942,2015-08-18,0710,30452,1727,2,5,7,1942,0,0,0,Q,0,9TL53,"WILBUR AV","BLACKHAWK ST",0.00,,Y,A,-,N,,,,,,,,,,N,4,0,1,2,A,-,10,21950,A,F,G,B,B,A,H,-,A,A,0,Y,,,,Y,,-,99,0,0,1,0,1,0,0,0,0,"- ","- ",,,"LOS ANGELES","LOS ANGELES",-118.54484013,34.258480110000001
7043829,2015,2015-09-16,1941,2015-08-09,1932,10319,,7,5,7,1941,0,0,0,,0,,"7TH ST","ORIZABA AV",0.00,,Y,A,-,N,,,,,,,,,,Y,2,0,1,2,A,-,11,21950,B,N,G,B,D,A,H,-,C,A,0,Y,,,,Y,,N,,1,0,0,0,1,0,0,0,0,"- ","- ",,,"LOS ANGELES","LONG BEACH",-118.15677001,33.775350090000003
7044033,2015,2015-09-15,1906,2015-08-23,0153,4406,WESTC,7,5,5,1906,0,0,0,,0,001,"RAMONA BL","STEWART AV",0.00,,Y,A,-,N,,,,,,,,,,N,4,0,1,2,D,-,00,,,F,G,B,B,A,H,-,C,D,0,Y,,,,Y,Y,-,"- ",0,0,1,0,1,0,0,0,0,"- ","- ",,,"LOS ANGELES","BALDWIN PARK",-117.96851006999999,34.084470119999999
7044478,2015,2015-09-08,1909,2015-08-13,0653,568,1909,4,5,4,1909,0,0,0,,0,NORTH,"GARFIELD AV","LOVELAND ST",14.00,N,N,A,-,N,,,,,,,,,,N,4,0,1,2,A,-,10,21950,A,N,G,B,B,-,H,-,A,A,0,Y,,,,Y,,A,01,0,0,1,0,1,0,0,0,0,"- ","- ",,,"LOS ANGELES","BELL GARDENS",-118.14907114,33.970135030000002
7044833,2015,2016-12-17,9550,2015-06-03,1342,020777,,3,1,3,1964,0,1,1,,2,501,"RT 5","VALLEY VIEW AV",2640.00,S,N,A,-,Y,LA,7,5,-,-,0.710,H,-,S,Y,4,0,2,3,A,-,08,22107,,N,C,C,E,A,H,-,A,D,1,Y,,,Y,Y,,A,01,0,0,2,0,1,0,0,0,0,"- ","- ",33.878140000000002,-118.01805,"LOS ANGELES","SANTA FE SPRINGS",-118.02169991,33.88012071
7044864,2015,2016-07-20,1942,2015-08-12,0810,31324,1115,3,5,7,1942,0,0,0,K,0,11TL32,"COLORADO BL","GLEN IRIS AV",0.00,,Y,A,-,N,,,,,,,,,,N,3,0,1,2,A,-,10,21950,A,N,G,B,B,A,H,-,A,A,0,Y,,,,Y,,D,22,0,1,0,0,1,0,0,0,0,"- ","- ",,,"LOS ANGELES","LOS ANGELES",-118.20961009,34.139310100000003
7045365,2015,2015-09-09,1942,2015-08-19,0615,37952,1123,3,5,7,1942,0,0,0,K,0,1TL24,"GLENDALE BL","REVERE AV",0.00,,Y,B,-,N,,,,,,,,,,Y,2,0,1,2,A,-,11,21956,A,N,G,B,B,A,H,-,A,A,0,Y,,,,Y,,N,60,1,0,0,0,1,0,0,0,0,"- ","- ",,,"LOS ANGELES","LOS ANGELES",-118.25886011,34.119970019999997
7045367,2015,2015-09-09,1942,2015-08-23,0440,31324,1317,7,5,7,1942,0,0,0,M,0,1TL24,"WASHINGTON BL","NAOMI AV",149.00,W,N,A,-,N,,,,,,,,,,N,2,0,1,2,A,-,11,21955,,F,G,B,D,A,H,-,E,A,0,Y,,,,Y,,N,60,1,0,0,0,1,0,0,0,0,"- ","- ",,,"LOS ANGELES","LOS ANGELES",-118.24843923,34.023237639999998
7045377,2015,2015-09-09,1942,2015-08-26,2305,37613,2027,3,5,7,1942,0,0,0,,0,8T35,"6TH ST","ALEXANDRIA AV",10.00,E,N,A,-,N,,,,,,,,,,Y,3,0,2,3,A,-,01,23152,A,N,G,B,B,A,H,-,C,A,0,Y,,,,Y,Y,A,01,0,2,0,0,2,0,0,0,0,"- ","- ",,,"LOS ANGELES","LOS ANGELES",-118.29789705,34.063609749999998
7045382,2015,2015-09-09,1942,2015-08-20,0620,40088,2074,4,5,7,1942,0,0,0,,0,20A33,"NORMANDIE AV","VENICE BL",2.00,N,N,A,-,N,,,,,,,,,,N,4,0,1,2,A,-,10,21950,A,N,G,B,B,A,H,-,A,A,0,Y,,,,Y,,A,08,0,0,1,0,1,0,0,0,0,"- ","- ",,,"LOS ANGELES","LOS ANGELES",-118.30101999999999,34.043669999999999
7045394,2015,2015-09-09,1942,2015-08-19,1925,41365,2029,3,5,7,1942,0,0,0,,0,20A45,"SHATTO PL","WILSHIRE BL",0.00,,Y,A,-,N,,,,,,,,,,N,4,0,1,2,A,-,05,21650,1,F,A,B,B,A,H,-,A,A,0,Y,Y,,,Y,,L,04,0,0,1,0,1,0,0,0,0,"- ","- ",,,"LOS ANGELES","LOS ANGELES",-118.29027010999999,34.061820060000002
7045446,2015,2015-09-10,1942,2015-08-08,2145,40628,1412,6,5,7,1942,0,0,0,N,0,20T59,"PACIFIC AV","BROOKS CT",167.00,S,N,A,-,N,,,,,,,,,,N,2,0,1,2,A,-,11,21955,,N,G,B,D,A,H,-,C,D,0,Y,,,,Y,,N,60,1,0,0,0,1,0,0,0,0,"- ","- ",,,"LOS ANGELES","LOS ANGELES",-118.47483425,33.990919339999998
7045453,2015,2015-09-10,1942,2015-08-26,1350,38282,2039,3,5,7,1942,0,0,0,,0,20TL59,"MAGNOLIA AV","7TH ST",0.00,,Y,A,-,N,,,,,,,,,,N,4,0,1,2,A,-,10,21950,A,N,G,B,B,A,H,-,A,A,0,Y,,,,Y,,A,07,0,0,1,0,1,0,0,0,0,"- ","- ",,,"LOS ANGELES","LOS ANGELES",-118.28622000999999,34.05981001
7045468,2015,2016-12-22,1942,2015-08-13,2330,36589,0824,4,5,7,1942,0,0,0,H,0,8T35,"CHANNEL RD","RT 1",120.00,E,N,A,-,Y,LA,7,1,-,-,37.045,I,6,N,N,3,0,1,2,A,-,11,21954,A,F,G,B,D,A,H,-,C,D,0,Y,,,,Y,Y,N,60,0,1,0,0,1,0,0,0,0,"- ","- ",,,"LOS ANGELES","LOS ANGELES",-118.51940727,34.028276650000002
7045475,2015,2015-09-10,1942,2015-08-23,1800,40610,0851,7,5,7,1942,0,0,0,H,0,14X16,"SANTA MONICA BL","BROCKTON AV",0.00,,Y,A,-,N,,,,,,,,,,N,4,0,1,2,A,-,03,22350,,N,A,B,B,A,H,-,B,A,0,Y,,,,Y,,A,01,0,0,1,0,1,0,0,0,0,"- ","- ",,,"LOS ANGELES","LOS ANGELES",-118.46130008999999,34.041420039999998
7045568,2015,2015-09-14,1900,2015-08-20,1317,529688,1014,4,5,3,1995,0,0,0,,0,101T4,"MALIBU RD","WEBB WY",12144.00,W,N,A,-,N,,,,,,,,,,N,3,0,2,2,A,-,10,21954,B,N,G,B,D,A,H,-,A,D,0,Y,Y,,,Y,,L,04,0,2,0,0,1,0,1,0,0,"- ","- ",34.158999999999999,-118.4349,"LOS ANGELES",MALIBU,-118.72975364,34.033079450000002
7045601,2015,2017-01-03,9590,2015-05-29,1502,19353,,5,2,7,1942,0,1,2,,2,071,"RT 101","VERMONT AV",75.00,S,N,A,-,Y,LA,7,101,-,-,4.135,R,2,S,N,3,0,1,2,A,-,11,21954,A,F,G,B,E,A,H,-,A,D,1,Y,,,,Y,,N,60,0,1,0,0,1,0,0,0,0,FR,"- ",34.078000000000003,-118.289,"LOS ANGELES","LOS ANGELES",-118.2877526,34.078200340000002
7045699,2015,2015-09-16,1912,2015-08-24,0930,12451,,1,5,6,1912,0,0,0,,0,,"SAN FERNANDO BL","ORANGE GROVE",165.00,N,N,A,-,N,,,,,,,,,,N,4,0,1,2,A,-,10,21950,A,N,G,B,B,A,H,-,A,D,0,Y,,,,Y,,A,01,0,0,1,0,1,0,0,0,0,"- ","- ",,,"LOS ANGELES",BURBANK,-118.31013131,34.181916530000002
7045740,2015,2015-09-16,1912,2015-08-25,1554,10229,BURBA,2,5,6,1912,0,0,0,,0,,"5TH ST","ORANGE GROVE AV",0.00,,Y,A,-,N,,,,,,,,,,N,3,0,1,2,A,-,10,21950,A,N,G,B,B,A,H,-,A,D,0,Y,,,,Y,,A,01,0,1,0,0,1,0,0,0,0,"- ","- ",,,"LOS ANGELES",BURBANK,-118.30606005,34.185100079999998
7045805,2015,2015-09-15,9550,2015-06-13,1650,020948,,6,2,9,1900,0,3,5,,2,002,"HAWES ST","MILLS AV",15.00,E,N,A,-,N,,,,,,,,,,N,4,0,1,2,A,-,09,21453,B,N,G,B,B,A,H,-,A,A,0,Y,,,,Y,,A,01,0,0,1,0,1,0,0,0,0,"- ","- ",33.943640000000002,-118.02571,"LOS ANGELES",UNINCORPORATED,-118.02575355,33.943632280000003
7045808,2015,2016-06-03,9525,2015-05-14,0805,014444,,4,1,9,1900,0,3,5,,2,002,"ENID AV","ARROW HWY",8.00,N,N,B,-,N,,,,,,,,,,N,4,0,1,2,A,-,11,21950,B,N,G,B,B,A,H,-,A,D,0,Y,,,,Y,,N,60,0,0,1,0,1,0,0,0,0,"- ","- ",34.10698,-117.91413,"LOS ANGELES",UNINCORPORATED,-117.91425863000001,34.107031900000003
7045856,2015,2017-01-14,1900,2015-05-04,0813,526288,1336,1,5,5,1908,0,0,0,,0,133T1D,"BELLFLOWER BL","RT 91",0.00,,Y,A,-,Y,LA,7,91,-,R,15.795,R,1,W,N,4,0,1,2,A,-,10,21950,A,N,G,B,B,A,H,-,A,A,0,Y,,,,Y,,A,07,0,0,1,0,1,0,0,0,0,"- ",WF,,,"LOS ANGELES",BELLFLOWER,-118.12231533000001,33.876300069999999
7045860,2015,2015-09-16,1900,2015-08-02,2230,274533,1332,7,5,5,1908,0,0,0,,0,133T1E,"STEVENS AV","LINDEN ST",160.00,N,N,A,-,N,,,,,,,,,,N,3,0,1,2,A,-,11,21954,A,F,B,B,E,A,H,-,C,D,0,Y,,,,Y,,N,60,0,1,0,0,1,0,0,0,0,"- ","- ",,,"LOS ANGELES",BELLFLOWER,-118.13031316,33.891928610000001
7045864,2015,2015-09-24,1900,2015-08-08,2026,532460,1333,6,5,5,1908,0,0,0,,0,0PM,"BELLFLOWER BL","LIGGETT ST",50.00,N,N,A,-,N,,,,,,,,,,N,3,0,1,2,A,-,11,21954,A,N,G,B,D,A,H,-,C,A,0,Y,,,,Y,,N,60,0,1,0,0,1,0,0,0,0,"- ","- ",,,"LOS ANGELES",BELLFLOWER,-118.12533585,33.901257059999999
7046793,2015,2015-09-19,1942,2015-08-18,1340,39075,1581,2,5,7,1942,0,0,0,O,0,,"MOORPARK ST","COLDWATER CANYON",0.00,,N,A,-,N,,,,,,,,,,N,3,0,1,2,A,-,06,21951,,N,G,B,B,A,D,-,A,A,0,Y,,,,Y,,D,22,0,1,0,0,1,0,0,0,0,"- ","- ",,,"LOS ANGELES","LOS ANGELES",-118.41379007,34.150350060000001
7047327,2015,2016-06-01,1900,2015-06-21,1840,281365,1614,7,5,5,1977,0,0,0,,0,164T1,"182ND ST","WALL ST",90.00,E,N,A,-,N,,,,,,,,,,N,3,0,1,2,A,-,11,21956,A,N,G,B,D,A,H,-,A,D,0,Y,,,,Y,,N,60,0,1,0,0,1,0,0,0,0,"- ","- ",,,"LOS ANGELES",CARSON,-118.27103414,33.865256850000002
7047351,2015,2015-09-14,1942,2015-06-30,2250,38765,0914,2,5,7,1942,0,0,0,I,0,9T53W3,"SHERMAN WY","VAN NUYS BL",15.00,W,N,A,-,N,,,,,,,,,,N,3,0,1,2,A,-,11,21456,B,F,G,B,B,A,H,-,C,A,0,Y,,,,Y,Y,N,60,0,1,0,0,1,0,0,0,0,"- ","- ",,,"LOS ANGELES","LOS ANGELES",-118.44876952,34.201189509999999
7047421,2015,2015-09-14,1946,2015-06-06,1715,6,,6,5,4,1946,0,0,0,,0,003,CENTRAL,SHAMROCK,198.00,E,N,A,-,N,,,,,,,,,,Y,2,0,1,2,A,-,00,22461,A,N,G,B,D,A,H,-,A,D,0,Y,,,,Y,Y,A,01,1,0,0,0,1,0,0,0,0,"- ","- ",,,"LOS ANGELES",MONROVIA,-117.99010729,34.13586068
7047447,2015,2015-09-17,1942,2015-08-23,2105,40730,1333,7,5,7,1942,0,0,0,M,0,2T15,"GRIFFITH AV","31ST ST",10.00,N,N,A,-,N,,,,,,,,,,N,3,0,1,2,A,-,10,21950,A,N,G,B,B,A,H,-,C,A,0,Y,,,,Y,,A,01,0,1,0,0,1,0,0,0,0,"- ","- ",,,"LOS ANGELES","LOS ANGELES",-118.25987255,34.016103260000001
7047450,2015,2015-09-17,1942,2015-08-29,1105,30380,0415,6,5,7,1942,0,0,0,D,0,4TL43,"DALY ST","N BROADWAY",31.00,N,N,A,-,N,,,,,,,,,,N,3,0,2,3,A,-,03,22350,,N,E,B,F,A,H,-,A,A,0,Y,,,,Y,,-,99,0,2,0,0,2,0,0,0,0,"- ","- ",,,"LOS ANGELES","LOS ANGELES",-118.21561250000001,34.073724990000002
7047459,2015,2015-09-17,1942,2015-08-02,0650,31152,1129,7,5,7,1942,0,0,0,K,0,11TL25,"SALONICA ST","SAN PASCUAL AV",4.00,E,N,A,-,N,,,,,,,,,,N,3,0,2,3,A,-,10,21950,A,F,G,B,B,A,H,-,A,A,0,Y,,,,Y,,-,99,0,2,0,0,2,0,0,0,0,"- ","- ",,,"LOS ANGELES","LOS ANGELES",-118.17788109999999,34.11436191
7047463,2015,2015-09-17,1941,2015-08-04,1245,5462,,2,5,7,1941,0,0,0,,0,,WILLOW,"REDONDO AV",297.00,E,N,A,-,N,,,,,,,,,,N,3,0,1,2,A,-,00,21952,A,N,G,B,F,A,H,-,A,D,0,Y,,,,Y,,A,,0,1,0,0,1,0,0,0,0,"- ","- ",,,"LOS ANGELES","LONG BEACH",-118.15038439,33.80453
7047537,2015,2015-09-18,1942,2015-08-27,0800,41868,1218,4,5,7,1942,0,0,0,L,0,12A3,HOOVER,"54TH ST",30.00,S,N,A,-,N,,,,,,,,,,N,4,0,1,2,A,-,10,21950,A,F,G,B,B,A,H,-,A,D,0,Y,,,,Y,,-,99,0,0,1,0,1,0,0,0,0,"- ","- ",,,"LOS ANGELES","LOS ANGELES",-118.25213608999999,33.993797790000002
7047586,2015,2015-09-18,1944,2015-08-16,1234,316,SOUTH,7,5,4,1944,0,0,0,,0,002,"15TH ST","DEEGAN PL",72.00,W,N,A,-,N,,,,,,,,,,N,3,0,1,2,A,-,11,21954,A,N,G,B,D,A,H,-,A,D,0,Y,,,,Y,,N,60,0,1,0,0,1,0,0,0,0,"- ","- ",,,"LOS ANGELES","MANHATTAN BEACH",-118.40664916,33.889385189999999