CASE_ID,ACCIDENT_YEAR,PROC_DATE,JURIS,COLLISION_DATE,COLLISION_TIME,OFFICER_ID,REPORTING_DISTRICT,DAY_OF_WEEK,CHP_SHIFT,POPULATION,CNTY_CITY_LOC,SPECIAL_COND,BEAT_TYPE,CHP_BEAT_TYPE,CITY_DIVISION_LAPD,CHP_BEAT_CLASS,BEAT_NUMBER,PRIMARY_RD,SECONDARY_RD,DISTANCE,DIRECTION,INTERSECTION,WEATHER_1,WEATHER_2,STATE_HWY_IND,CALTRANS_COUNTY,CALTRANS_DISTRICT,STATE_ROUTE,ROUTE_SUFFIX,POSTMILE_PREFIX,POSTMILE,LOCATION_TYPE,RAMP_INTERSECTION,SIDE_OF_HWY,TOW_AWAY,COLLISION_SEVERITY,NUMBER_KILLED,NUMBER_INJURED,PARTY_COUNT,PRIMARY_COLL_FACTOR,PCF_CODE_OF_VIOL,PCF_VIOL_CATEGORY,PCF_VIOLATION,PCF_VIOL_SUBSECTION,HIT_AND_RUN,TYPE_OF_COLLISION,MVIW,PED_ACTION,ROAD_SURFACE,ROAD_COND_1,ROAD_COND_2,LIGHTING,CONTROL_DEVICE,CHP_ROAD_TYPE,PEDESTRIAN_ACCIDENT,BICYCLE_ACCIDENT,MOTORCYCLE_ACCIDENT,TRUCK_ACCIDENT,NOT_PRIVATE_PROPERTY,ALCOHOL_INVOLVED,STWD_VEHTYPE_AT_FAULT,CHP_VEHTYPE_AT_FAULT,COUNT_SEVERE_INJ,COUNT_VISIBLE_INJ,COUNT_COMPLAINT_PAIN,COUNT_PED_KILLED,COUNT_PED_INJURED,COUNT_BICYCLIST_KILLED,COUNT_BICYCLIST_INJURED,COUNT_MC_KILLED,COUNT_MC_INJURED,PRIMARY_RAMP,SECONDARY_RAMP,LATITUDE,LONGITUDE,COUNTY,CITY,POINT_X,POINT_Y
7121585,2015,2015-12-03,1942,2015-10-22,1840,41956,0218,4,5,7,1942,0,0,0,B,0,2A76,"ECHO PARK AV","PARK AV",24.00,N,N,A,-,N,,,,,,,,,,N,4,0,1,2,A,-,10,21950,A,N,G,B,B,A,H,-,C,D,0,Y,,,,Y,,-,,0,0,1,0,1,0,0,0,0,"- ","- ",,,"LOS ANGELES","LOS ANGELES",-118.25854442000001,34.074828779999997
7121622,2015,2015-11-30,1955,2015-10-29,0741,41484,0028,4,5,6,1955,0,0,0,,0,002,"TOWNE AV","HARRISON AV",0.00,,Y,A,-,N,,,,,,,,,,N,3,0,1,2,A,-,10,21950,A,N,G,B,B,A,H,-,A,A,0,Y,,,,Y,,D,22,0,1,0,0,1,0,0,0,0,"- ","- ",,,"LOS ANGELES",POMONA,-117.73674009,34.098840019999997
7121915,2015,2015-11-24,1900,2015-10-03,2030,533005,1334,6,5,5,1908,0,0,0,,0,133T2,"FLOWER ST","BIXBY AV",5.00,E,N,A,-,N,,,,,,,,,,N,4,0,1,2,A,-,10,21950,A,M,G,B,B,A,H,-,C,D,0,Y,,,,Y,,A,08,0,0,1,0,1,0,0,0,0,"- ","- ",,,"LOS ANGELES",BELLFLOWER,-118.12090356,33.88209981
7121923,2015,2015-11-25,1900,2015-11-04,1552,263565,1126,3,5,6,1992,0,0,0,,0,1552,"10TH ST W","AVE K4",0.00,,Y,A,-,N,,,,,,,,,,N,3,0,1,3,A,-,10,21950,A,N,G,B,B,A,H,-,A,A,0,Y,,,,Y,,A,01,0,1,0,0,1,0,0,0,0,"- ","- ",,,"LOS ANGELES",LANCASTER,-118.14785005,34.671160090000001
7121925,2015,2015-11-24,1900,2015-10-28,1000,532040,1126,3,5,6,1992,0,0,0,,0,111T2,"20TH ST WEST","AVENUE J-8",12.00,S,N,A,-,N,,,,,,,,,,N,3,0,1,2,A,-,12,21453,A,N,G,B,B,A,H,-,A,A,0,Y,,,,Y,,A,01,0,1,0,0,1,0,0,0,0,"- ","- ",,,"LOS ANGELES",LANCASTER,-118.16569,34.682177099999997
7121959,2015,2015-12-01,1900,2015-11-12,0719,540658,1139,4,5,6,1992,0,0,0,,0,112T2,"AVE L-8","60TH ST W",296.00,E,N,A,-,N,,,,,,,,,,N,4,0,1,2,A,-,11,21954,A,N,G,B,D,A,H,-,A,D,0,Y,,,,Y,,N,60,0,0,1,0,1,0,0,0,0,"- ","- ",,,"LOS ANGELES",LANCASTER,-118.23523775,34.652857500000003
7121982,2015,2015-11-24,1900,2015-10-10,0808,523037,1364,6,5,5,1952,0,0,0,,0,136B,"GARFIELD AV","PETROL ST",0.00,,Y,A,-,N,,,,,,,,,,N,4,0,1,2,A,-,12,22450,A,N,-,B,B,-,H,-,A,D,0,Y,,,,Y,,A,01,0,0,1,0,1,0,0,0,0,"- ","- ",,,"LOS ANGELES",PARAMOUNT,-118.16885013,33.898210030000001
7122031,2015,2017-01-28,1900,2015-11-16,0740,236790,1135,1,5,6,1992,0,0,0,,0,112T2,"18TH ST EAST","KETTERING ST",0.00,,Y,A,-,N,,,,,,,,,,N,3,0,2,3,A,-,21,22106,,M,G,B,B,A,H,-,A,A,0,Y,,,,Y,,A,01,0,1,1,0,2,0,0,0,0,"- ","- ",,,"LOS ANGELES",LANCASTER,-118.09742007,34.700560029999998
7122066,2015,2016-02-05,1900,2015-10-04,2030,600695,1326,7,5,5,1935,0,0,0,,0,132T2,"DEL AMO BL","PALO VERDE AV",0.00,,Y,A,-,N,,,,,,,,,,N,4,0,1,2,A,-,10,21950,A,N,G,B,B,A,H,-,C,A,0,Y,,,,Y,,A,,0,0,1,0,1,0,0,0,0,"- ","- ",,,"LOS ANGELES",LAKEWOOD,-118.10770004,33.847060050000003
7122086,2015,2015-12-31,1942,2015-11-12,2100,36698,0152,4,5,7,1942,0,0,0,A,0,11T21,"5TH ST","FLOWER ST",25.00,S,N,A,-,N,,,,,,,,,,N,3,0,1,2,D,-,00,,,N,G,B,B,A,H,-,C,A,0,Y,,,,Y,Y,-,"- ",0,1,0,0,1,0,0,0,0,"- ","- ",,,"LOS ANGELES","LOS ANGELES",-118.25604487,34.051588029999998
7122334,2015,2015-12-09,1942,2015-11-12,0935,40363,0138,4,5,7,1942,0,0,0,A,0,1X11,"LOS ANGELES ST","4TH ST",10.00,N,N,A,-,N,,,,,,,,,,Y,4,0,1,2,A,-,21,22106,,F,-,-,-,A,H,-,A,-,0,Y,,,,Y,,A,01,0,0,1,0,1,0,0,0,0,"- ","- ",,,"LOS ANGELES","LOS ANGELES",-118.246185,34.047277000000001
7122338,2015,2015-11-25,1942,2015-11-08,1330,37611,0153,7,5,7,1942,0,0,0,A,0,1330,"SPRING ST","7TH ST",75.00,N,N,A,-,N,,,,,,,,,,N,4,0,1,2,A,-,09,21804,A,F,G,B,F,A,H,-,A,D,0,Y,,,,Y,,-,99,0,0,1,0,1,0,0,0,0,"- ","- ",,,"LOS ANGELES","LOS ANGELES",-118.25217737,34.044701750000002
7122358,2015,2015-11-25,1942,2015-11-06,1740,41204,181,5,5,7,1942,0,0,0,R,0,1FB93,"W OLYMPIC BL","LA LIVE WY",0.00,,Y,A,-,N,,,,,,,,,,N,3,0,1,2,A,-,17,21461,A,N,G,B,B,A,H,-,C,A,0,Y,,,,Y,,A,01,0,1,0,0,1,0,0,0,0,"- ","- ",,,"LOS ANGELES","LOS ANGELES",-118.26826002,34.04650007
7122361,2015,2015-11-25,1941,2015-11-06,1748,5615,,5,5,7,1941,0,0,0,,0,,"LONG BEACH BL","48TH ST",150.00,N,N,A,-,N,,,,,,,,,,N,3,0,1,2,A,-,00,20001,,F,G,B,D,A,H,-,C,D,0,Y,,,,Y,,A,,0,1,0,0,1,0,0,0,0,"- ","- ",,,"LOS ANGELES","LONG BEACH",-118.24336,33.999761360000001
7122365,2015,2015-11-25,1941,2015-11-05,1546,4046,,4,5,7,1941,0,0,0,,0,,ROSE,56TH,0.00,,Y,A,-,N,,,,,,,,,,N,4,0,1,2,D,-,00,,,N,D,B,C,A,H,-,A,A,0,Y,,,,Y,Y,-,"- ",0,0,1,0,1,0,0,0,0,"- ","- ",,,"LOS ANGELES","LONG BEACH",-118.17053013,33.857860090000003
7122366,2015,2015-11-25,1942,2015-11-13,1505,36926,D156,5,5,7,1942,0,0,0,,0,13T22,"EAST 6TH ST","WALL ST",154.00,E,N,A,-,N,,,,,,,,,,N,4,0,1,2,A,-,11,21954,A,F,G,B,E,A,H,-,A,D,0,Y,,,,Y,,N,60,0,0,1,0,1,0,0,0,0,"- ","- ",,,"LOS ANGELES","LOS ANGELES",-118.24673672,34.043203750000004
7122374,2015,2015-11-25,1942,2015-11-10,1445,41646,0152,2,5,7,1942,0,0,0,A,0,"1 A 85","6TH ST","S OLIVE ST",0.00,,Y,A,-,N,,,,,,,,,,N,4,0,1,2,A,-,11,21456,B,N,G,B,B,A,H,-,A,A,0,Y,,,,Y,,-,"- ",0,0,1,0,1,0,0,0,0,"- ","- ",,,"LOS ANGELES","LOS ANGELES",-118.25420011999999,34.048040120000003
7122378,2015,2015-11-25,1942,2015-11-04,1910,30083,0111,3,5,7,1942,0,0,0,A,0,11T21,"GRAND AV","ALPINE ST",0.00,,Y,A,-,N,,,,,,,,,,N,3,0,1,2,A,-,10,21950,A,N,G,B,B,A,H,-,C,D,0,Y,,,,Y,,A,01,0,1,0,0,1,0,0,0,0,"- ","- ",,,"LOS ANGELES","LOS ANGELES",-118.24342005,34.06351008
7122390,2015,2015-11-25,1942,2015-11-01,1640,40608,1321,7,5,7,1942,0,0,0,M,0,13A13,WASHINGTON,OLIVE,0.00,,Y,A,-,N,,,,,,,,,,N,2,0,1,2,A,-,09,21453,C,F,G,B,E,A,H,-,A,A,0,Y,,,,Y,,-,,1,0,0,0,1,0,0,0,0,"- ","- ",,,"LOS ANGELES","LOS ANGELES",-118.26765009,34.032290029999999
7122394,2015,2015-11-25,1942,2015-11-06,0755,38124,1303,5,5,7,1942,0,0,0,M,0,2TL15,"12TH ST","STANFORD AV",71.00,W,N,A,-,N,,,,,,,,,,N,2,0,1,2,A,-,11,21954,A,N,G,B,D,A,H,-,A,D,0,Y,,,,Y,,N,60,1,0,0,0,1,0,0,0,0,"- ","- ",,,"LOS ANGELES","LOS ANGELES",-118.25012714,34.032190389999997
7122590,2015,2015-11-24,1942,2015-10-31,1135,30830,1684,6,5,7,1942,0,0,0,P,0,16TL23,"LAUREL CANYON BL","ROSCOE BL",40.00,S,N,A,-,N,,,,,,,,,,N,3,0,1,2,A,-,10,21952,,N,G,B,F,A,H,-,A,D,0,Y,,,,Y,,D,22,0,1,0,0,1,0,0,0,0,"- ","- ",,,"LOS ANGELES","LOS ANGELES",-118.39651203,34.221540300000001
7122610,2015,2015-11-25,1942,2015-10-24,1830,38613,1549,6,5,7,1942,0,0,0,O,0,15A24,"BURBANK BL","FULCHER AV",0.00,,Y,A,-,N,,,,,,,,,,N,4,0,1,2,A,-,10,21950,A,N,G,B,B,A,H,-,B,-,0,Y,,,,Y,Y,D,22,0,0,1,0,1,0,0,0,0,"- ","- ",,,"LOS ANGELES","LOS ANGELES",-118.37305004,34.172150039999998
7122669,2015,2015-11-24,1942,2015-11-11,1610,10193,1525,3,5,7,1942,0,0,0,O,0,17TL14,"OXNARD ST","SIMPSON AV",0.00,,Y,A,-,N,,,,,,,,,,N,4,0,1,2,A,-,10,21950,A,F,G,B,B,A,H,-,A,A,0,Y,,,,Y,,-,99,0,0,1,0,1,0,0,0,0,"- ","- ",,,"LOS ANGELES","LOS ANGELES",-118.38887006,34.179410109999999
7122685,2015,2015-12-03,1942,2015-10-21,0001,38743,1745,3,5,7,1942,0,0,0,Q,0,17A35,"CHATSWORTH ST","CHATSWORTH ST 18010",0.00,,-,A,-,N,,,,,,,,,,N,4,0,1,2,B,-,22,,,N,G,B,D,A,H,-,C,D,0,Y,,,,Y,,A,01,0,0,1,0,1,0,0,0,0,"- ","- ",,,"LOS ANGELES","LOS ANGELES",-118.524007,34.264915000000002
7122713,2015,2015-12-03,1942,2015-10-19,0810,38471,1779,1,5,7,1942,0,0,0,Q,0,16TL25,"NORDHOFF ST","HASKELL AV",0.00,,Y,A,-,N,,,,,,,,,,N,4,0,1,2,A,-,11,21456,A,N,A,B,B,A,H,-,A,A,0,Y,,,,Y,,N,60,0,0,1,0,1,0,0,0,0,"- ","- ",,,"LOS ANGELES","LOS ANGELES",-118.47634004,34.235570080000002
7122716,2015,2015-12-03,1942,2015-10-25,1405,40165,1792,7,5,7,1942,0,0,0,Q,0,15TL42,"PARTHENIA ST","SHIRLEY AV",0.00,,Y,B,-,N,,,,,,,,,,N,3,0,1,2,A,-,10,21950,A,N,G,B,B,A,H,-,A,A,0,Y,,,,Y,,A,07,0,1,0,0,1,0,0,0,0,"- ","- ",,,"LOS ANGELES","LOS ANGELES",-118.55792,34.228220100000001
7122789,2015,2015-11-25,1900,2015-11-05,1742,506781,0521,4,5,4,1971,0,0,0,,0,52T1PM,"OAK AV","LAS TUNAS DR",1.00,N,N,A,-,N,,,,,,,,,,N,4,0,1,2,A,-,10,21950,A,N,G,B,B,A,H,-,B,A,0,Y,,,,Y,,A,01,0,0,1,0,1,0,0,0,0,"- ","- ",,,"LOS ANGELES","TEMPLE CITY",-118.06516056,34.106102700000001
7122862,2015,2015-11-23,1905,2015-11-03,1920,1114,311,2,5,4,1905,0,0,0,,0,002,"FOOTHILL BL","AZUSA AV",4.00,W,N,C,-,N,,,,,,,,,,N,3,0,1,2,A,-,10,21952,,F,A,B,B,B,-,-,C,A,0,Y,,,,Y,,A,01,0,1,0,0,1,0,0,0,0,"- ","- ",34.133589999999998,-117.90754,"LOS ANGELES",AZUSA,-117.90755317999999,34.133600270000002
7122908,2015,2015-11-24,1942,2015-10-30,0730,38349,1602,5,5,7,1942,0,0,0,P,0,10TL35,"GLENOAKS AV","FILMORE ST",0.00,,Y,A,-,N,,,,,,,,,,N,3,0,1,2,A,-,11,21456,B,N,D,B,B,A,H,-,A,A,0,Y,,,,Y,,N,60,0,1,0,0,1,0,0,0,0,"- ","- ",,,"LOS ANGELES","LOS ANGELES",-118.41482008,34.276650109999999
7122922,2015,2015-12-01,1942,2015-10-30,0615,39192,1563,5,5,7,1942,0,0,0,O,0,10TL39,"MOORPARK ST","TROOST AV",45.00,E,N,A,-,N,,,,,,,,,,Y,4,0,1,3,A,-,05,21460,A,N,B,C,F,A,H,-,C,D,0,Y,,,,Y,,A,01,0,0,1,0,1,0,0,0,0,"- ","- ",,,"LOS ANGELES","LOS ANGELES",-118.38647154,34.150370000000002
7122934,2015,2015-12-01,1942,2015-10-24,1740,34639,1544,6,5,7,1942,0,0,0,O,0,15X36,"LAUREL CANYON BL","HUSTON ST",30.00,S,N,A,-,N,,,,,,,,,,N,3,0,1,2,A,-,07,21658,A,N,G,B,E,A,H,-,A,D,0,Y,,,,Y,,A,01,0,1,0,0,1,0,0,0,0,"- ","- ",,,"LOS ANGELES","LOS ANGELES",-118.3965,34.159337720000003
7122935,2015,2015-12-01,1942,2015-10-22,1015,36542,1566,4,5,7,1942,0,0,0,O,0,15T45,"WOODBRIDGE ST","LANKERSHIM BL",0.00,,Y,A,-,N,,,,,,,,,,N,4,0,1,2,A,-,11,21950,B,N,D,B,B,A,H,-,A,A,0,Y,,,,Y,,N,60,0,0,1,0,1,0,0,0,0,"- ","- ",,,"LOS ANGELES","LOS ANGELES",-118.36492009,34.148830009999998
7122944,2015,2015-12-01,1942,2015-10-30,1625,31736,1519,5,5,7,1942,0,0,0,O,0,35M39,"VINELAND AV","KITTRIDGE ST",118.00,N,N,A,-,N,,,,,,,,,,N,3,0,1,2,A,-,03,22350,,N,G,B,F,A,-,-,A,D,0,Y,,,,Y,,A,01,0,1,0,0,1,0,0,0,0,"- ","- ",,,"LOS ANGELES","LOS ANGELES",-118.37033,34.190613640000002
7122948,2015,2015-12-01,1942,2015-10-27,0740,41915,1532,2,5,7,1942,0,0,0,O,0,15A21,"BURBANK BL","LAUREL CANYON BL",0.00,,Y,A,-,N,,,,,,,,,,N,4,0,1,2,A,-,10,21950,A,N,G,B,B,A,H,-,A,A,0,Y,,,,Y,,A,01,0,0,1,0,1,0,0,0,0,"- ","- ",,,"LOS ANGELES","LOS ANGELES",-118.39651012,34.172130080000002
7122958,2015,2015-12-01,1942,2015-10-30,1355,39301,1535,5,5,7,1942,0,0,0,O,0,15A39,"LANKERSHIM BL","OXNARD ST",0.00,,Y,A,-,N,,,,,,,,,,N,2,0,2,2,A,-,"- ",,,N,H,-,-,A,-,-,A,-,0,Y,Y,,,Y,,L,04,1,0,1,0,1,0,1,0,0,"- ","- ",,,"LOS ANGELES","LOS ANGELES",-118.38341013,34.179420110000002
7123019,2015,2015-11-24,1942,2015-11-07,1815,36754,0557,6,5,7,1942,0,0,0,E,0,3T57,"CABRILLO AV","3RD ST",69.00,N,N,A,-,N,,,,,,,,,,N,2,0,1,2,A,-,11,21954,A,N,G,B,E,A,H,-,C,D,0,Y,,,,Y,,N,60,1,0,0,0,1,0,0,0,0,"- ","- ",,,"LOS ANGELES","LOS ANGELES",-118.29454560000001,33.741709210000003
7123259,2015,2016-02-11,1941,2015-11-08,1620,6059,,7,5,7,1941,0,0,0,,0,021,"SOUTH ST","LEWIS AV",49.00,W,N,A,-,N,,,,,,,,,,N,4,0,1,2,A,-,21,22106,,M,E,I,F,A,H,-,A,D,0,Y,,,,Y,Y,A,,0,0,1,0,1,0,0,0,0,"- ","- ",,,"LOS ANGELES","LONG BEACH",-118.18026106000001,33.860108269999998
7123295,2015,2015-12-31,1942,2015-11-15,1420,31288,1824,7,5,7,1942,0,0,0,R,0,12TL73,"92ND AV","N CENTRAL AV",3.00,S,N,A,G,N,,,,,,,,,,N,3,0,1,2,A,-,08,22100,A,N,-,B,B,A,H,-,A,A,0,Y,,,,Y,,D,22,0,1,0,0,1,0,0,0,0,"- ","- ",,,"LOS ANGELES","LOS ANGELES",-118.25644,33.953279999999999
7123363,2015,2015-12-02,1942,2015-10-30,1030,41054,2044,5,5,7,1942,0,0,0,,0,20TL55,"IROLO ST","JAMES M WOOD BL",0.00,,Y,A,-,N,,,,,,,,,,N,4,0,1,2,A,-,10,21950,A,N,G,B,B,A,H,-,A,A,0,Y,,,,Y,,A,08,0,0,1,0,1,0,0,0,0,"- ","- ",,,"LOS ANGELES","LOS ANGELES",-118.30089,34.055889999999998
7123367,2015,2015-12-01,1942,2015-10-31,2045,40157,2031,6,5,7,1942,0,0,0,,0,14T47,"WESTERN AV","INGRAHAM ST",76.00,S,N,A,-,N,,,,,,,,,,Y,3,0,1,2,A,-,11,21954,A,N,G,B,D,A,H,-,C,D,0,Y,,,,Y,Y,N,60,0,1,0,0,1,0,0,0,0,"- ","- ",,,"LOS ANGELES","LOS ANGELES",-118.30909,34.060481559999999
7123374,2015,2015-11-30,1942,2015-11-17,1800,41974,0517,2,5,7,1942,0,0,0,E,0,5A12,"BROAD AV","DENNI ST",0.00,,Y,A,-,N,,,,,,,,,,N,3,0,1,2,A,-,11,21950,B,N,G,B,E,A,H,-,D,A,0,Y,,,,Y,,N,60,0,1,0,0,1,0,0,0,0,"- ","- ",,,"LOS ANGELES","LOS ANGELES",-118.26120007,33.7848501
7123382,2015,2015-11-30,1942,2015-11-16,1520,25609,0557,1,5,7,1942,0,0,0,E,0,5L90W2,"GAFFEY ST","5TH ST",0.00,,Y,A,-,N,,,,,,,,,,N,3,0,1,2,A,-,10,21950,A,F,G,B,B,A,H,-,A,A,0,Y,,,,Y,,-,99,0,1,0,0,1,0,0,0,0,"- ","- ",,,"LOS ANGELES","LOS ANGELES",-118.2923301,33.739690080000003
7123390,2015,2015-11-30,1942,2015-11-12,1500,40864,505,4,5,7,1942,0,0,0,,0,03TL57,"190TH ST","VERMONT AV",6.00,W,N,A,-,N,,,,,,,,,,N,2,0,2,2,A,-,10,21950,A,N,G,B,B,A,H,-,A,A,0,Y,,,,Y,,I,10,1,0,1,0,1,0,0,0,0,"- ","- ",,,"LOS ANGELES","LOS ANGELES",-118.29055763,33.858822619999998
7123394,2015,2015-11-30,1942,2015-11-05,2100,33599,0529,4,5,7,1942,0,0,0,E,0,18T23,"AVALON BL",ANAHEIM,200.00,S,N,A,-,N,,,,,,,,,,N,4,0,1,2,B,-,22,,,F,G,B,F,A,H,-,C,D,0,Y,,,,Y,,-,99,0,0,1,0,1,0,0,0,0,"- ","- ",,,"LOS ANGELES","LOS ANGELES",-118.26240116,33.779433009999998
7123410,2015,2015-11-30,1942,2015-11-14,1420,38644,0516,6,5,7,1942,0,0,0,E,0,5A15,"LAGOON AV","PACIFIC COAST HWY",3.00,S,N,A,-,N,,,,,,,,,,N,3,0,1,2,A,-,11,21954,A,N,G,B,D,A,H,-,A,D,0,Y,,,,Y,,N,60,0,1,0,0,1,0,0,0,0,"- ","- ",,,"LOS ANGELES","LOS ANGELES",-118.26791948,33.790911780000002
7123422,2015,2015-11-30,1942,2015-11-17,0800,41681,0585,2,5,7,1942,0,0,0,E,0,5A85,"25TH ST","LELAND AV",0.00,,Y,A,-,N,,,,,,,,,,N,2,0,1,2,A,-,10,21950,A,N,G,B,B,A,H,-,B,A,0,Y,,,,Y,,A,01,1,0,0,0,1,0,0,0,0,"- ","- ",,,"LOS ANGELES","LOS ANGELES",-118.30127002,33.721570040000003
7123423,2015,2015-12-01,1942,2015-10-29,0821,40671,0668,4,5,7,1942,0,0,0,F,0,6X28,"LEXINGTON AV","VAN NESS AV",40.00,E,N,-,-,N,,,,,,,,,,N,4,0,1,2,A,-,05,21650,,N,G,B,E,A,H,-,A,D,0,Y,,,,Y,,N,60,0,0,1,0,1,0,0,0,0,"- ","- ",,,"LOS ANGELES","LOS ANGELES",-118.31562814,34.092770000000002
7123429,2015,2015-11-30,1942,2015-11-06,1310,37600,0329,5,5,7,1942,0,0,0,C,0,13A13,FLOWER,"28TH ST",0.00,,Y,A,-,N,,,,,,,,,,N,4,0,1,2,A,-,10,21950,A,N,G,B,B,A,H,-,A,A,0,Y,,,,Y,,A,01,0,0,1,0,1,0,0,0,0,"- ","- ",,,"LOS ANGELES","LOS ANGELES",-118.2757601,34.025970110000003
7123430,2015,2015-11-30,1942,2015-11-09,1815,35688,0363,1,5,7,1942,0,0,0,C,0,12T73,"SANTA ROSALIA DR","MARLTON AV",290.00,W,N,A,-,N,,,,,,,,,,N,4,0,1,2,A,-,11,21956,A,N,D,B,D,A,H,-,E,D,0,Y,,,,Y,,N,60,0,0,1,0,1,0,0,0,0,"- ","- ",,,"LOS ANGELES","LOS ANGELES",-118.34040143,34.011013579999997
7123439,2015,2015-12-02,1942,2015-10-23,1205,38118,0645,5,5,7,1942,0,0,0,F,0,20TL58,"FRANKLIN AV","OUTPOST DR",14.00,E,N,A,-,N,,,,,,,,,,N,2,0,1,2,A,-,10,21950,A,N,G,B,B,A,H,-,A,A,0,Y,,,,Y,,A,07,1,0,0,0,1,0,0,0,0,"- ","- ",,,"LOS ANGELES","LOS ANGELES",-118.34384384000001,34.104140000000001
7123453,2015,2015-12-22,1942,2015-11-03,1410,39889,1341,2,5,7,1942,0,0,0,M,0,2TL15,"GRAND AV","38TH ST",48.00,S,N,B,-,N,,,,,,,,,,N,3,0,1,2,A,-,11,21954,A,F,G,B,D,A,H,-,A,D,0,Y,,,,Y,Y,-,"- ",0,1,0,0,1,0,0,0,0,"- ","- ",,,"LOS ANGELES","LOS ANGELES",-118.27945147,34.015052580000003
7123457,2015,2015-12-22,1942,2015-11-02,1900,39062,1395,1,5,7,1942,0,0,0,M,0,1T11,"FLORENCE AV","CENTRAL AV",100.00,W,N,B,-,N,,,,,,,,,,N,3,0,1,2,A,-,11,21954,,N,G,B,E,A,H,-,C,D,0,Y,,,,Y,,-,"- ",0,1,0,0,1,0,0,0,0,"- ","- ",,,"LOS ANGELES","LOS ANGELES",-118.25678906,33.974752690000003
7123461,2015,2015-12-15,1942,2015-11-03,1810,38357,0195,2,5,7,1942,0,0,0,A,0,13T22,BROADWAY,"PICO BL",4.00,N,N,A,-,N,,,,,,,,,,N,3,0,1,2,A,-,11,21953,,N,G,B,E,A,H,-,C,A,0,Y,,,,Y,,N,60,0,1,0,0,1,0,0,0,0,"- ","- ",,,"LOS ANGELES","LOS ANGELES",-118.26114247,34.037118999999997
7123462,2015,2015-12-01,1942,2015-11-10,0755,41064,351,2,5,7,1942,0,0,0,,0,3A99,"FARMDALE AV","RODEO RD",0.00,,Y,A,-,N,,,,,,,,,,N,3,0,1,2,A,-,10,21950,A,F,G,B,B,A,H,-,A,A,0,Y,,,,Y,,-,99,0,1,0,0,1,0,0,0,0,"- ","- ",,,"LOS ANGELES","LOS ANGELES",-118.34605000000001,34.021480029999999
7123473,2015,2015-12-01,1942,2015-11-03,1300,40726,0124,2,5,7,1942,0,0,0,A,0,1TL11,"HILL ST","2ND ST",25.00,N,N,A,-,N,,,,,,,,,,N,3,0,1,2,A,-,11,21953,,N,D,B,B,A,H,-,A,A,0,Y,,,,Y,,N,60,0,1,0,0,1,0,0,0,0,"- ","- ",,,"LOS ANGELES","LOS ANGELES",-118.24771101,34.053165120000003
7123481,2015,2015-12-08,1942,2015-11-12,1515,33160,1839,4,5,7,1942,0,0,0,R,0,18A17,"103RD ST","GORMAN AV",0.00,,Y,A,-,N,,,,,,,,,,N,3,0,1,2,A,-,11,21950,B,N,G,B,B,A,H,-,A,D,0,Y,,,,Y,,N,60,0,1,0,0,1,0,0,0,0,"- ","- ",,,"LOS ANGELES","LOS ANGELES",-118.23069005000001,33.943110089999998
7123486,2015,2015-12-01,1942,2015-11-17,0720,38707,0334,2,5,7,1942,0,0,0,C,0,3T5,"MONTCLAIR ST","EDGEHILL DR",161.00,E,N,A,-,N,,,,,,,,,,Y,3,0,1,2,A,-,11,21954,A,N,G,B,D,A,H,-,A,D,0,Y,,,,Y,,N,60,0,1,0,0,1,0,0,0,0,"- ","- ",,,"LOS ANGELES","LOS ANGELES",-118.32953322,34.030116589999999
7123489,2015,2015-12-01,1942,2015-11-10,0715,36664,1822,2,5,7,1942,0,0,0,R,0,18A97,"CENTURY AV","MAIN ST",0.00,,Y,A,-,N,,,,,,,,,,N,3,0,1,2,B,-,22,,,N,G,B,F,A,H,-,A,D,0,Y,,,,Y,,-,"- ",0,1,0,0,1,0,0,0,0,"- ","- ",,,"LOS ANGELES","LOS ANGELES",-118.27389011,33.945560090000001
7123513,2015,2015-12-01,1942,2015-11-14,1530,31288,1844,6,5,7,1942,0,0,0,R,0,12T73,"AVALON BL","111TH PL",0.00,,Y,A,-,N,,,,,,,,,,N,4,0,2,3,A,-,10,21950,A,N,-,B,B,A,H,-,A,A,0,Y,,,,Y,,A,01,0,0,2,0,2,0,0,0,0,"- ","- ",,,"LOS ANGELES","LOS ANGELES",-118.26519011000001,33.933920100000002
7123542,2015,2015-11-30,1942,2015-11-08,1915,39871,638,7,5,7,1942,0,0,0,,0,6A49,"FRANKLIN AV","WILTON PL",0.00,,Y,A,-,N,,,,,,,,,,N,4,0,1,2,A,-,03,22350,,N,G,B,B,A,H,-,C,A,0,Y,,,,Y,,A,07,0,0,1,0,1,0,0,0,0,"- ","- ",,,"LOS ANGELES","LOS ANGELES",-118.31366004,34.105340069999997
7123550,2015,2015-11-30,1942,2015-11-07,2300,38035,646,6,5,7,1942,0,0,0,,0,6FB14,"WILCOX AV","HOLLYWOOD BL",6.00,N,N,A,-,N,,,,,,,,,,N,4,0,1,2,A,-,06,21951,,N,D,B,B,A,H,-,C,A,0,Y,,,,Y,,A,01,0,0,1,0,1,0,0,0,0,"- ","- ",,,"LOS ANGELES","LOS ANGELES",-118.3310499,34.101606459999999
7123570,2015,2015-12-01,1942,2015-11-10,0830,33191,859,2,5,7,1942,0,0,0,,0,14TL47,"WOOSTER ST","18TH ST",435.00,N,N,A,-,N,,,,,,,,,,N,4,0,1,2,A,-,21,22106,,F,G,B,E,A,H,-,A,D,0,Y,,,,Y,,-,99,0,0,1,0,1,0,0,0,0,"- ","- ",,,"LOS ANGELES","LOS ANGELES",-118.38381502999999,34.047265799999998