CASE_ID,ACCIDENT_YEAR,PROC_DATE,JURIS,COLLISION_DATE,COLLISION_TIME,OFFICER_ID,REPORTING_DISTRICT,DAY_OF_WEEK,CHP_SHIFT,POPULATION,CNTY_CITY_LOC,SPECIAL_COND,BEAT_TYPE,CHP_BEAT_TYPE,CITY_DIVISION_LAPD,CHP_BEAT_CLASS,BEAT_NUMBER,PRIMARY_RD,SECONDARY_RD,DISTANCE,DIRECTION,INTERSECTION,WEATHER_1,WEATHER_2,STATE_HWY_IND,CALTRANS_COUNTY,CALTRANS_DISTRICT,STATE_ROUTE,ROUTE_SUFFIX,POSTMILE_PREFIX,POSTMILE,LOCATION_TYPE,RAMP_INTERSECTION,SIDE_OF_HWY,TOW_AWAY,COLLISION_SEVERITY,NUMBER_KILLED,NUMBER_INJURED,PARTY_COUNT,PRIMARY_COLL_FACTOR,PCF_CODE_OF_VIOL,PCF_VIOL_CATEGORY,PCF_VIOLATION,PCF_VIOL_SUBSECTION,HIT_AND_RUN,TYPE_OF_COLLISION,MVIW,PED_ACTION,ROAD_SURFACE,ROAD_COND_1,ROAD_COND_2,LIGHTING,CONTROL_DEVICE,CHP_ROAD_TYPE,PEDESTRIAN_ACCIDENT,BICYCLE_ACCIDENT,MOTORCYCLE_ACCIDENT,TRUCK_ACCIDENT,NOT_PRIVATE_PROPERTY,ALCOHOL_INVOLVED,STWD_VEHTYPE_AT_FAULT,CHP_VEHTYPE_AT_FAULT,COUNT_SEVERE_INJ,COUNT_VISIBLE_INJ,COUNT_COMPLAINT_PAIN,COUNT_PED_KILLED,COUNT_PED_INJURED,COUNT_BICYCLIST_KILLED,COUNT_BICYCLIST_INJURED,COUNT_MC_KILLED,COUNT_MC_INJURED,PRIMARY_RAMP,SECONDARY_RAMP,LATITUDE,LONGITUDE,COUNTY,CITY,POINT_X,POINT_Y
7134555,2015,2015-12-16,1942,2015-11-16,0920,39761,0142,1,5,7,1942,0,0,0,A,0,2TL15,"OLIVE ST","4TH ST",342.00,N,N,A,-,N,,,,,,,,,,N,3,0,1,2,B,-,22,,,N,G,B,F,A,H,-,A,D,0,Y,,,,Y,,-,"- ",0,1,0,0,1,0,0,0,0,"- ","- ",,,"LOS ANGELES","LOS ANGELES",-118.2507944,34.05164774
7134566,2015,2015-12-17,1942,2015-11-25,1520,38118,668,3,5,7,1942,0,0,0,,0,20T58,"LEXINGTON AV","WILTON PL",9.00,E,N,A,-,N,,,,,,,,,,N,3,0,2,3,A,-,10,21950,A,N,G,B,B,A,H,-,A,A,0,Y,,,,Y,,A,01,0,2,0,0,2,0,0,0,0,"- ","- ",,,"LOS ANGELES","LOS ANGELES",-118.31354033,34.092770000000002
7134571,2015,2016-01-05,1942,2015-11-23,1700,36754,1822,1,5,7,1942,0,0,0,R,0,12T73,"103RD ST","FIGUEROA ST",235.00,W,N,A,-,N,,,,,,,,,,N,3,0,3,5,C,-,18,,,N,G,B,E,A,H,-,B,D,0,Y,,,,Y,,-,"- ",0,2,1,0,3,0,0,0,0,"- ","- ",,,"LOS ANGELES","LOS ANGELES",-118.2834033,33.943061440000001
7134576,2015,2015-12-18,1942,2015-11-18,0550,40151,1826,3,5,7,1942,0,0,0,R,0,18A49,"COMPTON AV","CENTURY BL",0.00,,Y,A,-,N,,,,,,,,,,N,4,0,1,2,A,-,10,21950,A,N,A,B,B,A,H,-,A,A,0,Y,,,,Y,Y,A,07,0,0,1,0,1,0,0,0,0,"- ","- ",,,"LOS ANGELES","LOS ANGELES",-118.24623010000001,33.945760059999998
7134579,2015,2015-12-18,1942,2015-11-15,1735,41753,CENTR,7,5,7,1942,0,0,0,,0,0143,"4TH ST","HILL ST",0.00,,Y,B,-,N,,,,,,,,,,N,3,0,1,2,A,-,10,21950,A,N,B,B,B,A,H,-,C,A,0,Y,,,,Y,,-,,0,1,0,0,1,0,0,0,0,"- ","- ",,,"LOS ANGELES","LOS ANGELES",-118.25043011,34.050230089999999
7134585,2015,2015-12-17,1942,2015-11-12,1520,40164,0889,4,5,7,1942,0,0,0,H,0,8TL28,"LA CIENEGA BL","GUTHRIE AV",32.00,S,N,A,-,N,,,,,,,,,,N,2,0,1,2,A,-,10,21950,A,N,G,B,D,A,H,-,A,A,0,Y,,,,Y,,A,07,1,0,0,0,1,0,0,0,0,"- ","- ",,,"LOS ANGELES","LOS ANGELES",-118.37701319,34.04025438
7134593,2015,2015-12-17,1942,2015-11-27,1530,38013,0859,5,5,7,1942,0,0,0,H,0,8TL28,"LA CIENEGA BL","SATURN ST",101.00,N,N,A,-,N,,,,,,,,,,N,2,0,1,2,A,-,11,21956,A,N,G,B,E,A,H,-,A,D,0,Y,,,,Y,Y,N,60,1,0,0,0,1,0,0,0,0,"- ","- ",,,"LOS ANGELES","LOS ANGELES",-118.37616,34.051817020000001
7134594,2015,2017-01-11,1942,2015-11-30,2005,41754,0648,1,5,7,1942,0,0,0,F,0,6A77,"HOLLYWOOD BL","RT 101",0.00,,Y,A,-,Y,LA,7,101,-,-,6.373,R,4,S,N,4,0,1,2,A,-,10,21950,A,N,H,B,B,A,H,-,C,A,0,Y,,,,Y,,A,01,0,0,1,0,1,0,0,0,0,"- ",SO,,,"LOS ANGELES","LOS ANGELES",-118.31559218,34.099759939999998
7134597,2015,2015-12-21,1942,2015-11-27,1555,41683,LOSAN,5,5,7,1942,0,0,0,,0,0858,"PICO BL",CREST,75.00,W,N,A,-,N,,,,,,,,,,,3,0,1,2,A,-,10,21950,A,N,A,B,B,A,H,-,A,A,0,Y,,,,Y,,A,08,0,1,0,0,1,0,0,0,0,"- ","- ",,,"LOS ANGELES","LOS ANGELES",-118.38807715,34.055259999999997
7134600,2015,2015-12-18,1942,2015-11-15,2205,41047,RD182,7,5,7,1942,0,0,0,,0,18E15,"FIGUEROA ST","103RD ST",150.00,S,N,A,-,N,,,,,,,,,,N,3,0,1,2,A,-,11,21956,,N,G,B,E,A,H,-,C,D,0,Y,,,,Y,,N,60,0,1,0,0,1,0,0,0,0,"- ","- ",,,"LOS ANGELES","LOS ANGELES",-118.28263,33.94264862
7134601,2015,2015-12-18,1942,2015-11-19,0910,31255,0881,4,5,7,1942,0,0,0,H,0,6TL7,"ARMACOST AV","LA GRANGE AV",0.00,,Y,A,-,N,,,,,,,,,,N,3,0,1,2,A,-,10,21950,A,N,G,B,B,A,H,-,A,D,0,Y,,,,Y,,A,01,0,1,0,0,1,0,0,0,0,"- ","- ",,,"LOS ANGELES","LOS ANGELES",-118.45411,34.034780099999999
7134602,2015,2015-12-17,1942,2015-11-29,0805,40452,0729,7,5,7,1942,0,0,0,G,0,6TL11,"3RD ST","LARCHMONT BL",6.00,E,N,A,-,N,,,,,,,,,,N,3,0,2,3,A,-,10,21950,A,N,G,B,B,A,H,-,A,A,0,Y,,,,Y,,A,07,0,2,0,0,2,0,0,0,0,"- ","- ",,,"LOS ANGELES","LOS ANGELES",-118.32367023,34.068950000000001
7134604,2015,2015-12-18,1942,2015-11-22,1840,41997,,7,5,7,1942,0,0,0,,0,18A34,"CENTURY BL","MAIN ST",0.00,,Y,A,-,N,,,,,,,,,,N,4,0,1,2,A,-,10,21950,A,N,G,B,B,A,H,-,C,A,0,Y,,,,Y,Y,A,01,0,0,1,0,1,0,0,0,0,"- ","- ",,,"LOS ANGELES","LOS ANGELES",-118.27389011,33.945560090000001
7134607,2015,2015-12-18,1942,2015-11-27,0740,32896,0859,5,5,7,1942,0,0,0,H,0,7TL23,"PICKFORD ST","SHERBOURNE DR",0.00,,Y,A,-,N,,,,,,,,,,N,4,0,1,2,A,-,10,21950,A,N,G,B,B,A,H,-,A,A,0,Y,,,,Y,,A,01,0,0,1,0,1,0,0,0,0,"- ","- ",,,"LOS ANGELES","LOS ANGELES",-118.3801201,34.049810069999999
7134608,2015,2015-12-18,1942,2015-11-24,1825,40869,1821,2,5,7,1942,0,0,0,R,0,12TL42,"CENTURY BL","DENVER AV",65.00,E,N,A,-,N,,,,,,,,,,N,2,0,1,2,A,-,11,21956,A,F,G,B,C,A,H,-,C,D,0,Y,,,,Y,,-,99,1,0,0,0,1,0,0,0,0,"- ","- ",,,"LOS ANGELES","LOS ANGELES",-118.2845561,33.945520000000002
7134615,2015,2015-12-18,1942,2015-11-23,0910,33191,851,1,5,7,1942,0,0,0,,0,14TL47,"BROCKTON AV","SANTA MONICA BL",0.00,,Y,A,-,N,,,,,,,,,,N,4,0,1,2,A,-,11,21954,A,N,G,B,B,A,H,-,A,A,0,Y,,,,Y,,A,08,0,0,1,0,1,0,0,0,0,"- ","- ",,,"LOS ANGELES","LOS ANGELES",-118.46130008999999,34.041420039999998
7134616,2015,2015-12-18,1942,2015-11-26,2310,35332,1827,4,5,7,1942,0,0,0,R,0,18A97,"WILMINGTON AV","97TH ST",100.00,S,N,A,-,N,,,,,,,,,,N,3,0,1,2,A,-,03,22350,,F,G,B,D,A,H,-,C,D,0,Y,,,,Y,,-,99,0,1,0,0,1,0,0,0,0,"- ","- ",,,"LOS ANGELES","LOS ANGELES",-118.23900215,33.947925759999997
7134625,2015,2015-12-18,1942,2015-11-15,2225,39022,2015,7,5,7,1942,0,0,0,,0,14TL47,"BEVERLY BL","NORMANDIE PL",0.00,,Y,A,-,N,,,,,,,,,,N,2,0,1,2,A,-,11,21954,A,F,G,B,D,A,H,-,C,D,0,Y,,,,Y,,N,60,1,0,0,0,1,0,0,0,0,"- ","- ",,,"LOS ANGELES","LOS ANGELES",-118.30119009000001,34.076290059999998
7134629,2015,2015-12-18,1942,2015-11-20,2020,36537,2079,5,5,7,1942,0,0,0,,0,20469,"VERMONT AV","PICO BL",0.00,,Y,A,-,N,,,,,,,,,,N,3,0,1,2,A,-,11,21456,B,N,-,B,B,A,H,-,C,A,0,Y,,,,Y,Y,N,60,0,1,0,0,1,0,0,0,0,"- ","- ",,,"LOS ANGELES","LOS ANGELES",-118.29160005,34.047260010000002
7134640,2015,2015-12-18,1942,2015-11-20,2345,37724,1821,5,5,7,1942,0,0,0,R,0,3T5,"103RD ST","VERMONT AV",120.00,E,N,A,-,N,,,,,,,,,,N,3,0,1,2,A,-,03,22350,,F,G,B,E,A,H,-,C,D,0,Y,,,,Y,,-,99,0,1,0,0,1,0,0,0,0,"- ","- ",,,"LOS ANGELES","LOS ANGELES",-118.29119512,33.94303
7134655,2015,2015-12-18,1942,2015-12-03,2330,39624,0893,4,5,7,1942,0,0,0,H,0,8T33,"SEPULVEDA BL","RICHLAND AV",132.00,N,N,A,-,N,,,,,,,,,,N,4,0,1,2,A,-,11,21954,,N,G,B,D,A,H,-,C,D,0,Y,,,,Y,,N,60,0,0,1,0,1,0,0,0,0,"- ","- ",,,"LOS ANGELES","LOS ANGELES",-118.4326799,34.033282
7134671,2015,2017-01-31,1942,2015-12-02,2000,40867,"LOS A",3,5,7,1942,0,0,0,,0,,VERMONT,"RT 105",0.00,,Y,A,-,Y,LA,7,105,-,R,6.948,R,4,W,N,4,0,1,2,A,-,10,21950,A,N,G,B,B,A,H,-,C,A,0,Y,,,,Y,,A,01,0,0,1,0,1,0,0,0,0,"- ","- ",,,"LOS ANGELES","LOS ANGELES",-118.28828523,33.928866339999999
7134708,2015,2015-12-18,1942,2015-12-02,0745,42086,0626,3,5,7,1942,0,0,0,F,0,6A63,"CAHUENGA BL","FRANKLIN AV",15.00,N,N,A,-,N,,,,,,,,,,N,3,0,1,2,A,-,10,21950,A,N,G,B,B,A,H,-,A,A,0,Y,,,,Y,,A,01,0,1,0,0,1,0,0,0,0,"- ","- ",,,"LOS ANGELES","LOS ANGELES",-118.33041332000001,34.105276279999998
7135170,2015,2016-01-09,1942,2015-11-30,1700,37613,1434,1,5,7,1942,0,0,0,N,0,6TL2,"PALMS BL","GREENWOOD AV",4.00,E,N,A,-,N,,,,,,,,,,N,2,0,1,2,A,-,10,21950,A,N,G,B,B,A,H,-,B,A,0,Y,,,,Y,,D,22,1,0,0,0,1,0,0,0,0,"- ","- ",,,"LOS ANGELES","LOS ANGELES",-118.44705193999999,34.005818679999997
7135283,2015,2016-01-07,1942,2015-12-15,1500,41877,0841,2,5,7,1942,0,0,0,H,0,8A12,"TEXAS AV","AMHERST AV",0.00,,Y,A,-,N,,,,,,,,,,N,2,0,1,2,A,-,10,21950,C,N,B,A,D,A,H,-,A,D,0,Y,,,,Y,,A,01,1,0,0,0,1,0,0,0,0,"- ","- ",,,"LOS ANGELES","LOS ANGELES",-118.46692013000001,34.042190050000002
7135289,2015,2016-01-06,1942,2015-12-15,1130,41307,0152,2,5,7,1942,0,0,0,A,0,1A85,5TH,"HILL ST",0.00,,Y,A,-,N,,,,,,,,,,N,4,0,1,2,A,-,10,21950,A,F,G,B,B,A,H,-,A,A,0,Y,,,,Y,,-,99,0,0,1,0,1,0,0,0,0,"- ","- ",,,"LOS ANGELES","LOS ANGELES",-118.25180007,34.048760090000002
7135293,2015,2016-01-06,1942,2015-12-16,0745,38357,0473,3,5,7,1942,0,0,0,D,0,4TL45,"WHITTIER BL","BOYLE AV",6.00,E,N,A,-,N,,,,,,,,,,N,4,0,1,2,A,-,10,21950,A,N,G,B,B,A,H,-,A,D,0,Y,,,,Y,,A,08,0,0,1,0,1,0,0,0,0,"- ","- ",,,"LOS ANGELES","LOS ANGELES",-118.21893233,34.035762640000002
7135303,2015,2016-01-06,1942,2015-12-21,1130,37715,0849,1,5,7,1942,0,0,0,H,0,8T26W4,"WOOSTER ST","PICO BL",190.00,N,N,A,-,N,,,,,,,,,,N,4,0,1,3,A,-,21,22106,,N,H,E,E,A,H,-,A,D,0,Y,,,,Y,,A,01,0,0,1,0,1,0,0,0,0,"- ","- ",,,"LOS ANGELES","LOS ANGELES",-118.3825868,34.05509077
7135320,2015,2016-01-06,1942,2015-12-20,1445,37715,2076,7,5,7,1942,0,0,0,,0,8T26W4,"PICO BL","BERENDO ST",0.00,,Y,A,-,N,,,,,,,,,,N,4,0,1,2,A,-,21,22106,,N,G,B,D,A,H,-,A,D,0,Y,,,,Y,,A,07,0,0,1,0,1,0,0,0,0,"- ","- ",,,"LOS ANGELES","LOS ANGELES",-118.29369008,34.047280120000003
7135330,2015,2016-01-06,1942,2015-12-17,1940,36698,0235,4,5,7,1942,0,0,0,B,0,13T53,"BEVERLY BL","CORONADO ST",0.00,,Y,A,-,N,,,,,,,,,,N,3,0,1,2,A,-,10,21950,A,N,G,B,B,A,H,-,C,A,0,Y,,,,Y,,A,01,0,1,0,0,1,0,0,0,0,"- ","- ",,,"LOS ANGELES","LOS ANGELES",-118.27587004,34.069090019999997
7135334,2015,2017-03-29,1942,2015-12-17,1403,31152,0412,4,5,7,1942,0,0,0,D,0,11TL25,"DALY ST","AVE 26",13.00,S,N,A,-,N,,,,,,,,,,N,1,1,0,2,A,-,10,21950,A,N,G,B,B,A,H,-,A,A,0,Y,,,,Y,,A,07,0,0,0,1,0,0,0,0,0,"- ","- ",,,"LOS ANGELES","LOS ANGELES",-118.21571,34.076464350000002
7135338,2015,2016-01-06,1942,2015-12-13,1620,39889,0497,7,5,7,1942,0,0,0,D,0,2T28,"S SOTO ST","E OLYMPIC BL",0.00,,Y,B,-,N,,,,,,,,,,N,4,0,1,2,A,-,10,21950,A,F,G,B,B,A,H,-,A,A,0,Y,,,,Y,,-,99,0,0,1,0,1,0,0,0,0,"- ","- ",,,"LOS ANGELES","LOS ANGELES",-118.21985003,34.024270059999999
7135342,2015,2016-01-06,1942,2015-12-20,1005,37807,1352,7,5,7,1942,0,0,0,M,0,2TL15,"VERNON AV","CROCKER ST",10.00,E,N,A,-,N,,,,,,,,,,Y,4,0,1,2,A,-,21,22106,,N,G,B,B,A,H,-,A,D,0,Y,,,,Y,,A,08,0,0,1,0,1,0,0,0,0,"- ","- ",,,"LOS ANGELES","LOS ANGELES",-118.26869707,34.003860000000003
7135345,2015,2017-02-02,1972,2015-12-18,1025,14197,,5,5,6,1972,0,0,0,,0,,"HAWTHORNE BL","SPENCER ST",0.00,,Y,A,-,Y,LA,7,107,-,-,2.764,I,6,N,N,4,0,1,2,A,-,10,21950,A,N,G,B,B,A,H,-,A,A,0,Y,,,,Y,,A,,0,0,1,0,1,0,0,0,0,"- ","- ",,,"LOS ANGELES",TORRANCE,-118.35362789,33.845002350000001
7135346,2015,2016-01-06,1942,2015-12-15,1545,38599,424,2,5,7,1942,0,0,0,,0,4A59WZ,"SOTO ST","MULTNOMAH ST",20.00,S,N,A,-,N,,,,,,,,,,N,4,0,1,2,A,-,10,21950,A,N,G,B,B,A,H,-,A,A,0,Y,,,,Y,,-,,0,0,1,0,1,0,0,0,0,"- ","- ",,,"LOS ANGELES","LOS ANGELES",-118.19522859,34.068935619999998
7135371,2015,2017-02-02,1918,2015-10-27,1605,799,2,2,5,4,1918,0,0,0,,0,2M9,"VENICE BL","ALBRIGHT AV",45.00,E,N,A,-,Y,LA,7,187,-,-,5.680,H,-,E,N,4,0,1,3,A,-,21,22106,,N,G,E,E,A,H,-,A,D,0,Y,,,,Y,,D,22,0,0,1,0,1,0,0,0,0,"- ","- ",34.010899999999999,-118.42059999999999,"LOS ANGELES","CULVER CITY",-118.42055293999999,34.010815610000002
7135404,2015,2015-12-11,1941,2015-11-02,1520,5407,,1,5,7,1941,0,0,0,,0,,"10TH ST","REDONDO AV",0.00,,Y,B,-,N,,,,,,,,,,N,3,0,1,2,-,-,"- ",,,N,G,B,B,A,H,-,A,A,0,Y,,,,Y,,-,"- ",0,1,0,0,1,0,0,0,0,"- ","- ",,,"LOS ANGELES","LONG BEACH",-118.1524301,33.778950039999998
7135432,2015,2015-12-10,1941,2015-11-03,1418,5615,,2,5,7,1941,0,0,0,,0,,"ORANGE AV","53RD ST",0.00,,Y,A,-,N,,,,,,,,,,N,3,0,1,2,A,-,10,21950,A,N,G,B,B,A,H,-,A,D,0,Y,,,,Y,,A,,0,1,0,0,1,0,0,0,0,"- ","- ",,,"LOS ANGELES","LONG BEACH",-118.1772601,33.852600070000001
7135458,2015,2015-12-14,1941,2015-10-26,0858,10075,,1,5,7,1941,0,0,0,,0,,"17TH ST","ORANGE AV",310.00,W,N,A,-,N,,,,,,,,,,N,3,0,2,3,A,-,10,21952,,F,G,B,D,A,H,-,A,D,0,Y,,,,Y,,A,,0,1,1,0,2,0,0,0,0,"- ","- ",,,"LOS ANGELES","LONG BEACH",-118.177373,33.788052
7135466,2015,2015-12-14,1941,2015-10-26,0840,6159,,1,5,7,1941,0,0,0,,0,,"ORANGE AV",ELEANOR,0.00,,Y,A,-,N,,,,,,,,,,N,4,0,2,3,-,-,"- ",,,N,G,B,D,A,H,-,A,D,0,Y,,,,Y,,-,"- ",0,0,2,0,2,0,0,0,0,"- ","- ",,,"LOS ANGELES","LONG BEACH",-118.17742011,33.87732012
7135479,2015,2015-12-14,1918,2015-10-02,1340,1123,,5,5,4,1918,0,0,0,,0,2TL25,"VIRGINIA AV","OVERLAND AV",0.00,,Y,A,-,N,,,,,,,,,,N,2,0,1,2,A,-,10,21950,A,N,G,B,B,A,H,-,A,A,0,Y,,,,Y,,A,01,1,0,0,0,1,0,0,0,0,"- ","- ",34.006050000000002,-118.39521000000001,"LOS ANGELES","CULVER CITY",-118.39519009,34.006080040000001
7135483,2015,2015-12-10,1918,2015-10-17,0740,1107,,6,5,4,1918,0,0,0,,0,,"OVERLAND AV","KELMORE ST",0.00,,Y,A,-,N,,,,,,,,,,N,4,0,1,2,A,-,10,21950,A,N,G,B,B,A,H,-,A,A,0,Y,,,,Y,,A,01,0,0,1,0,1,0,0,0,0,"- ","- ",33.997660000000003,-118.39026,"LOS ANGELES","CULVER CITY",-118.39032011,33.997680010000003
7135766,2015,2015-12-14,1942,2015-11-30,1940,38715,1443,1,5,7,1942,0,0,0,N,0,14A67,"CRESTMOORE PL","ABBOTT KINNEY BL",430.00,E,N,A,-,N,,,,,,,,,,N,4,0,1,3,A,-,01,23152,A,N,B,B,E,A,H,-,C,D,0,Y,,,,Y,Y,A,07,0,0,1,0,1,0,0,0,0,"- ","- ",,,"LOS ANGELES","LOS ANGELES",-118.45617136,33.989181160000001
7135798,2015,2015-12-17,1942,2015-11-21,1840,39708,0841,6,5,7,1942,0,0,0,H,0,8A53,"SANTA MONICA BL","BUNDY DR",5.00,,N,A,-,N,,,,,,,,,,N,2,0,1,2,A,-,10,21950,A,F,G,B,B,A,-,-,C,A,0,Y,,,,Y,,-,99,1,0,0,0,1,0,0,0,0,"- ","- ",,,"LOS ANGELES","LOS ANGELES",-118.46330011000001,34.040530099999998
7135827,2015,2015-12-14,1942,2015-11-25,0515,40346,0668,3,5,7,1942,0,0,0,F,0,6X78,"FOUNTAIN AV","WESTERN AV",0.00,W,N,A,-,N,,,,,,,,,,N,4,0,1,2,A,-,11,21950,B,F,G,B,D,A,H,-,C,A,0,Y,,,,Y,Y,N,60,0,0,1,0,1,0,0,0,0,"- ","- ",,,"LOS ANGELES","LOS ANGELES",-118.30920008,34.094880089999997
7135936,2015,2015-12-18,1942,2015-11-18,0735,39761,1179,3,5,7,1942,0,0,0,K,0,11TL21,"CARLOTA BL","AVENUE 43",60.00,W,N,A,-,N,,,,,,,,,,N,3,0,1,3,A,-,11,21954,A,F,G,B,D,A,H,-,A,D,0,Y,,,,Y,,N,60,0,1,0,0,1,0,0,0,0,"- ","- ",,,"LOS ANGELES","LOS ANGELES",-118.20659000000001,34.093440000000001
7135992,2015,2016-02-09,1942,2015-12-01,1250,36238,0455,2,5,7,1942,0,0,0,D,0,1T11,"SOTO ST","CESAR E CHAVEZ",48.00,S,N,A,-,N,,,,,,,,,,N,2,0,1,2,A,-,11,21954,A,N,G,-,D,A,H,-,A,D,0,Y,,,,Y,Y,N,60,1,0,0,0,1,0,0,0,0,"- ","- ",,,"LOS ANGELES","LOS ANGELES",-118.20788115000001,34.046692450000002
7136018,2015,2015-12-14,1965,2015-11-27,1438,3764,0B4E,5,5,5,1965,0,0,0,,0,B001,"MONTANA AV","11TH ST",7.00,S,N,A,-,N,,,,,,,,,,N,3,0,1,2,A,-,12,21453,A,N,G,B,B,A,H,-,A,A,0,Y,,,,Y,,A,01,0,1,0,0,1,0,0,0,0,"- ","- ",,,"LOS ANGELES","SANTA MONICA",-118.49805677000001,34.029886820000002
7136039,2015,2015-12-15,1942,2015-11-18,1500,25385,1259,3,5,7,1942,0,0,0,L,0,25MQ52,"79TH ST","MCKINLEY AV",0.00,,Y,A,-,N,,,,,,,,,,N,3,0,2,3,A,-,10,21950,A,N,G,B,B,A,G,H,A,A,0,Y,,,,Y,,A,01,0,1,1,0,2,0,0,0,0,"- ","- ",,,"LOS ANGELES","LOS ANGELES",-118.26080007,33.967450040000003
7136049,2015,2015-12-21,1942,2015-11-19,0725,37807,1255,4,5,7,1942,0,0,0,L,0,3T5,FLORENCE,NORMANDIE,6.00,W,N,A,-,N,,,,,,,,,,N,3,0,1,2,A,-,10,21950,A,N,G,B,B,A,H,-,A,A,0,Y,,,,Y,,D,22,0,1,0,0,1,0,0,0,0,"- ","- ",,,"LOS ANGELES","LOS ANGELES",-118.30031975,33.974580000000003
7136093,2015,2015-12-14,1942,2015-11-20,1425,36754,1267,5,5,7,1942,0,0,0,L,0,3T57,"MANCHESTER AV","GRAND AV",54.00,N,N,A,-,N,,,,,,,,,,Y,2,0,1,2,A,-,11,21956,A,N,G,B,E,A,H,-,A,D,0,Y,,,,Y,,N,60,1,0,0,0,1,0,0,0,0,"- ","- ",,,"LOS ANGELES","LOS ANGELES",-118.28033000000001,33.960090000000001
7136098,2015,2015-12-14,1976,2015-11-24,1911,485,,2,5,5,1976,0,0,0,,0,001,"WASHINGTON AV","PENN ST",6.00,N,N,A,-,N,,,,,,,,,,N,4,0,1,2,A,-,10,21950,A,N,G,B,B,A,H,-,C,A,0,Y,,,,Y,,A,01,0,0,1,0,1,0,0,0,0,"- ","- ",,,"LOS ANGELES",WHITTIER,-118.03500018,33.975436449999997
7136114,2015,2015-12-15,1941,2015-11-02,0754,6317,,1,5,7,1941,0,0,0,,0,,"OCEAN BL","FALCON AV",40.00,W,N,A,-,N,,,,,,,,,,N,3,0,1,2,A,-,11,21954,A,N,G,B,D,A,H,-,A,A,0,Y,,,,Y,,N,,0,1,0,0,1,0,0,0,0,"- ","- ",,,"LOS ANGELES","LONG BEACH",-118.17393962,33.765217679999999
7136234,2015,2016-02-26,1941,2015-12-01,1802,5883,,2,5,7,1941,0,0,0,,0,,"PACIFIC AV","ANAHEIM ST",0.00,,Y,A,-,N,,,,,,,,,,N,4,0,1,2,A,-,10,21950,A,N,G,B,B,A,H,-,C,A,0,Y,,,,Y,Y,A,,0,0,1,0,1,0,0,0,0,"- ","- ",,,"LOS ANGELES","LONG BEACH",-118.19373012,33.782600029999998
7136328,2015,2015-12-18,1928,2015-11-20,1809,327,525,5,5,5,1928,0,0,0,,0,502,"118TH ST","ACACIA AV",0.00,,Y,A,-,N,,,,,,,,,,N,3,0,1,2,A,-,10,21950,A,N,F,B,B,A,H,-,C,A,0,Y,,,,Y,,D,22,0,1,0,0,1,0,0,0,0,"- ","- ",33.927379999999999,-118.35129999999999,"LOS ANGELES",HAWTHORNE,-118.35136009,33.927320039999998
7136579,2015,2016-01-12,1955,2015-12-01,1713,41883,0004,2,5,6,1955,0,0,0,,0,001,"WHITE AV","2ND ST",0.00,,Y,A,-,N,,,,,,,,,,N,4,0,1,2,A,-,10,21950,A,N,G,B,B,A,H,-,C,A,0,Y,,,,Y,,D,22,0,0,1,0,1,0,0,0,0,"- ","- ",,,"LOS ANGELES",POMONA,-117.75888012,34.057590060000003
7136702,2015,2015-12-16,1976,2015-12-01,1750,485,,2,5,5,1976,0,0,0,,0,003,"MAR VISTA ST","VALLEY VIEW AV",180.00,W,N,A,-,N,,,,,,,,,,N,3,0,1,2,A,-,11,21954,A,N,G,B,D,A,H,-,C,D,0,Y,,,,Y,,N,60,0,1,0,0,1,0,0,0,0,"- ","- ",,,"LOS ANGELES",WHITTIER,-118.03015228,33.973439069999998
7136719,2015,2015-12-16,1956,2015-12-07,0707,1231,43,1,5,5,1956,0,0,0,,0,003,"GRANT AV","SLAUSON LN",12.00,E,N,A,-,N,,,,,,,,,,N,3,0,1,2,A,-,10,21950,A,F,G,B,B,A,H,-,A,A,0,Y,,,,Y,,A,01,0,1,0,0,1,0,0,0,0,"- ","- ",,,"LOS ANGELES","REDONDO BEACH",-118.37061054,33.869030000000002
7136749,2015,2015-12-17,1955,2015-09-24,1701,S006,1978,4,5,6,1955,0,0,0,,0,,"PALM DR","OAK LN",0.00,,Y,A,-,N,,,,,,,,,,N,4,0,1,2,A,-,10,21950,A,N,G,B,B,A,H,-,A,A,0,Y,,,,Y,,A,01,0,0,1,0,1,0,0,0,0,"- ","- ",34.035870000000003,-117.48994999999999,"LOS ANGELES",POMONA,-117.81660011,34.059860090000001
7136883,2015,2015-12-17,1942,2015-11-17,1755,41376,2049,2,5,7,1942,0,0,0,,0,14T52,"HOOVER ST","JAMES M WOOD BL",4.00,S,N,A,-,N,,,,,,,,,,N,3,0,3,4,A,-,09,21801,A,N,G,B,B,A,H,-,C,D,0,Y,,,,Y,,A,07,0,3,0,0,3,0,0,0,0,"- ","- ",,,"LOS ANGELES","LOS ANGELES",-118.28425,34.055860000000003
7136884,2015,2015-12-17,1942,2015-11-22,1310,41746,11,7,5,7,1942,0,0,0,K,0,11A25,"SAN FERNANDO RD","FLETCHER DR",15.00,E,N,A,-,N,,,,,,,,,,N,4,0,1,2,B,-,22,,,N,G,B,F,A,-,-,A,D,0,Y,,,,Y,,-,"- ",0,0,1,0,1,0,0,0,0,"- ","- ",,,"LOS ANGELES","LOS ANGELES",-118.24583837,34.114848369999997