CASE_ID,ACCIDENT_YEAR,PROC_DATE,JURIS,COLLISION_DATE,COLLISION_TIME,OFFICER_ID,REPORTING_DISTRICT,DAY_OF_WEEK,CHP_SHIFT,POPULATION,CNTY_CITY_LOC,SPECIAL_COND,BEAT_TYPE,CHP_BEAT_TYPE,CITY_DIVISION_LAPD,CHP_BEAT_CLASS,BEAT_NUMBER,PRIMARY_RD,SECONDARY_RD,DISTANCE,DIRECTION,INTERSECTION,WEATHER_1,WEATHER_2,STATE_HWY_IND,CALTRANS_COUNTY,CALTRANS_DISTRICT,STATE_ROUTE,ROUTE_SUFFIX,POSTMILE_PREFIX,POSTMILE,LOCATION_TYPE,RAMP_INTERSECTION,SIDE_OF_HWY,TOW_AWAY,COLLISION_SEVERITY,NUMBER_KILLED,NUMBER_INJURED,PARTY_COUNT,PRIMARY_COLL_FACTOR,PCF_CODE_OF_VIOL,PCF_VIOL_CATEGORY,PCF_VIOLATION,PCF_VIOL_SUBSECTION,HIT_AND_RUN,TYPE_OF_COLLISION,MVIW,PED_ACTION,ROAD_SURFACE,ROAD_COND_1,ROAD_COND_2,LIGHTING,CONTROL_DEVICE,CHP_ROAD_TYPE,PEDESTRIAN_ACCIDENT,BICYCLE_ACCIDENT,MOTORCYCLE_ACCIDENT,TRUCK_ACCIDENT,NOT_PRIVATE_PROPERTY,ALCOHOL_INVOLVED,STWD_VEHTYPE_AT_FAULT,CHP_VEHTYPE_AT_FAULT,COUNT_SEVERE_INJ,COUNT_VISIBLE_INJ,COUNT_COMPLAINT_PAIN,COUNT_PED_KILLED,COUNT_PED_INJURED,COUNT_BICYCLIST_KILLED,COUNT_BICYCLIST_INJURED,COUNT_MC_KILLED,COUNT_MC_INJURED,PRIMARY_RAMP,SECONDARY_RAMP,LATITUDE,LONGITUDE,COUNTY,CITY,POINT_X,POINT_Y
7136891,2015,2015-12-17,1942,2015-11-25,1720,38590,2046,3,5,7,1942,0,0,0,,0,20T58,"NEW HAMPSHIRE AV","JAMES M WOOD BL",0.00,,Y,A,-,N,,,,,,,,,,N,3,0,1,2,A,-,10,21950,A,N,G,B,B,A,H,-,C,A,0,Y,,,,Y,,A,07,0,1,0,0,1,0,0,0,0,"- ","- ",,,"LOS ANGELES","LOS ANGELES",-118.29289,34.055950000000003
7136899,2015,2015-12-17,1942,2015-11-24,1230,37966,2081,2,5,7,1942,0,0,0,,0,7TL38,"WILTON PL","VENICE BL",0.00,,Y,A,-,N,,,,,,,,,,N,4,0,1,2,A,-,11,21456,B,N,G,B,B,A,H,-,A,A,0,Y,,,,Y,,N,60,0,0,1,0,1,0,0,0,0,"- ","- ",,,"LOS ANGELES","LOS ANGELES",-118.31446013,34.043560100000001
7136911,2015,2016-01-04,1942,2015-11-19,1801,37613,2034,4,5,7,1942,0,0,0,,0,6T12,"7TH ST","KINGSLEY DR",4.00,E,N,A,-,N,,,,,,,,,,N,4,0,1,2,A,-,10,21950,A,N,G,-,B,A,H,-,C,A,0,Y,,,,Y,,A,01,0,0,1,0,1,0,0,0,0,"- ","- ",,,"LOS ANGELES","LOS ANGELES",-118.30308682,34.059720120000001
7136919,2015,2015-12-17,1942,2015-11-17,1750,38591,2063,2,5,7,1942,0,0,0,,0,8A36,"SOUTH HOBART BL","12TH ST",150.00,W,N,A,-,N,,,,,,,,,,N,4,0,1,2,A,-,07,21658,A,F,G,B,E,A,H,-,C,A,0,Y,,,,Y,,-,99,0,0,1,0,1,0,0,0,0,"- ","- ",,,"LOS ANGELES","LOS ANGELES",-118.30522000000001,34.049050000000001
7136924,2015,2015-12-17,1942,2015-11-29,1140,39317,0334,7,5,7,1942,0,0,0,C,0,12T41,"JEFFERSON BL","BRONSON AV",50.00,W,N,A,-,N,,,,,,,,,,N,2,0,1,2,A,-,11,21954,A,F,G,B,D,A,H,-,A,D,0,Y,,,,Y,,N,60,1,0,0,0,1,0,0,0,0,"- ","- ",,,"LOS ANGELES","LOS ANGELES",-118.33400469999999,34.025590000000001
7136944,2015,2015-12-17,1942,2015-11-28,1810,41072,0566,6,5,7,1942,0,0,0,E,0,3T5W3,"PACIFIC AV","10TH ST",9.00,N,N,A,-,N,,,,,,,,,,N,2,0,1,2,A,-,10,21950,A,N,G,B,B,A,H,-,C,A,0,Y,,,,Y,,A,01,1,0,0,0,1,0,0,0,0,"- ","- ",,,"LOS ANGELES","LOS ANGELES",-118.28793,33.73517468
7136955,2015,2015-12-17,1942,2015-11-29,1830,39889,0429,7,5,7,1942,0,0,0,D,0,4TL4,"HUNTINGTON DR N","POPLAR BL",530.00,E,N,A,-,N,,,,,,,,,,N,3,0,1,2,A,-,02,21654,A,F,G,B,D,A,H,-,C,D,0,Y,,,,Y,Y,N,60,0,1,0,0,1,0,0,0,0,"- ","- ",,,"LOS ANGELES","LOS ANGELES",-118.16348290000001,34.09150502
7137398,2015,2015-12-18,1942,2015-12-02,1425,41249,0963,3,5,7,1942,0,0,0,I,0,9A63,"VAN NUYS BL","HUSTON ST",0.00,,Y,A,-,N,,,,,,,,,,N,4,0,1,2,A,-,10,21950,A,N,A,B,B,A,H,-,A,A,0,Y,,,,Y,,A,01,0,0,1,0,1,0,0,0,0,"- ","- ",,,"LOS ANGELES","LOS ANGELES",-118.44872005000001,34.159410059999999
7137403,2015,2017-03-29,1942,2015-12-03,1720,40141,2129,4,5,7,1942,0,0,0,,0,19TL76,"ROSCOE BL","WINNETKA AV",625.00,W,N,A,-,N,,,,,,,,,,N,1,1,0,2,A,-,11,21955,,N,G,B,D,A,H,-,C,D,0,Y,,,,Y,,N,60,0,0,0,1,0,0,0,0,0,"- ","- ",,,"LOS ANGELES","LOS ANGELES",-118.57311338,34.220220349999998
7137417,2015,2015-12-21,1942,2015-12-02,1505,38818,0303,3,5,7,1942,0,0,0,C,0,3A63,"ADAMS BL","REDONDO BL",0.00,,Y,A,-,N,,,,,,,,,,Y,3,0,3,4,A,-,01,23153,A,N,A,B,B,A,H,-,A,A,0,Y,,,,Y,,A,01,0,3,0,0,3,0,0,0,0,"- ","- ",,,"LOS ANGELES","LOS ANGELES",-118.35625009,34.03250001
7137837,2015,2015-12-24,1909,2015-12-07,1808,566,1909,1,5,4,1909,0,0,0,,0,SOUTH,"IRA AV","GARFIELD AV",0.00,,N,A,-,N,,,,,,,,,,N,4,0,1,2,A,-,10,21950,A,N,G,B,B,A,H,-,C,D,0,Y,,,,Y,,D,22,0,0,1,0,1,0,0,0,0,"- ","- ",33.573500000000003,-118.92400000000001,"LOS ANGELES","BELL GARDENS",-118.15680001,33.959600029999997
7137972,2015,2015-12-21,1942,2015-11-22,1350,41860,2027,7,5,7,1942,0,0,0,,0,20A53,"NORMANDIE AV","6TH ST",5.00,S,N,A,-,N,,,,,,,,,,N,4,0,1,2,A,-,10,21950,A,N,G,B,B,A,H,-,A,A,0,Y,,,,Y,,A,01,0,0,1,0,1,0,0,0,0,"- ","- ",,,"LOS ANGELES","LOS ANGELES",-118.30037,34.063586290000003
7137987,2015,2015-12-21,1942,2015-11-19,0810,42042,2055,4,5,7,1942,0,0,0,,0,20A1,"PICO BL","KENMORE AV",0.00,,Y,A,-,N,,,,,,,,,,N,3,0,1,2,A,-,10,21950,A,N,G,B,B,A,H,-,A,A,0,Y,,,,Y,,A,01,0,1,0,0,1,0,0,0,0,"- ","- ",,,"LOS ANGELES","LOS ANGELES",-118.29701002,34.047260010000002
7138011,2015,2015-12-21,1942,2015-11-21,1755,41210,0667,6,5,7,1942,0,0,0,F,0,6T7,"BRONSON AV","LEXINGTON AV",0.00,,Y,A,-,N,,,,,,,,,,N,2,0,1,2,A,-,11,21956,A,N,G,B,D,A,H,-,C,A,0,Y,,,,Y,,N,60,1,0,0,0,1,0,0,0,0,"- ","- ",,,"LOS ANGELES","LOS ANGELES",-118.31794014,34.092760040000002
7138013,2015,2015-12-21,1942,2015-12-03,1120,38118,2074,4,5,7,1942,0,0,0,,0,20TL58,"HOBART BL","PICO BL",15.00,N,N,A,-,N,,,,,,,,,,N,3,0,1,2,A,-,10,21950,A,N,G,B,B,A,H,-,A,A,0,Y,,,,Y,,A,01,0,1,0,0,1,0,0,0,0,"- ","- ",,,"LOS ANGELES","LOS ANGELES",-118.30533,34.04721
7138023,2015,2015-12-21,1942,2015-11-18,0830,42042,2056,3,5,7,1942,0,0,0,,0,20A1,"BERENDO ST","12TH ST",0.00,,Y,A,-,N,,,,,,,,,,N,4,0,1,2,A,-,10,21950,A,N,G,B,B,A,H,-,A,A,0,Y,,,,Y,,A,01,0,0,1,0,1,0,0,0,0,"- ","- ",,,"LOS ANGELES","LOS ANGELES",-118.29369002,34.049110020000001
7138032,2015,2015-12-21,1942,2015-11-17,1505,37700,0817,2,5,7,1942,0,0,0,H,0,7T38,"GAYLEY AV","WEYBURN AV",200.00,S,N,A,-,N,,,,,,,,,,N,4,0,1,2,A,-,10,21950,A,N,G,B,C,A,H,-,A,A,0,Y,,,,Y,,A,08,0,0,1,0,1,0,0,0,0,"- ","- ",,,"LOS ANGELES","LOS ANGELES",-118.44758232,34.061530390000001
7138039,2015,2015-12-21,1942,2015-11-28,1445,34426,0679,6,5,7,1942,0,0,0,F,0,2TL28,"SANTA MONICA BL","NORMANDIE AV",0.00,,Y,A,-,N,,,,,,,,,,N,4,0,1,2,A,-,10,21950,A,N,G,B,B,A,H,-,A,A,0,Y,,,,Y,,A,01,0,0,1,0,1,0,0,0,0,"- ","- ",,,"LOS ANGELES","LOS ANGELES",-118.30049007,34.090830080000003
7138049,2015,2015-12-21,1942,2015-12-03,1750,40164,626,4,5,7,1942,0,0,0,,0,8TL26,"VINE ST","YUCCA ST",150.00,N,N,A,-,N,,,,,,,,,,N,3,0,1,2,A,-,11,21955,,N,G,B,D,A,H,-,C,D,0,Y,,,,Y,,N,60,0,1,0,0,1,0,0,0,0,"- ","- ",,,"LOS ANGELES","LOS ANGELES",-118.32671291,34.10412135
7138071,2015,2015-12-21,1942,2015-11-22,1800,40899,0842,7,5,7,1942,0,0,0,H,0,14T47,"OHIO AV","BARRINGTON AV",7.00,E,N,A,-,N,,,,,,,,,,N,4,0,1,2,D,-,00,,,N,G,B,B,A,H,-,C,A,0,Y,,,,Y,,-,"- ",0,0,1,0,1,0,0,0,0,"- ","- ",,,"LOS ANGELES","LOS ANGELES",-118.45662129,34.044421229999998
7138074,2015,2015-12-21,1955,2015-12-07,1628,40624,0092,1,5,6,1955,0,0,0,,0,004,"MISSION BL","SAN ANTONIO AV",100.00,E,N,A,-,N,,,,,,,,,,Y,3,0,1,2,A,-,11,21956,,N,G,B,D,A,H,-,B,D,0,Y,,,,Y,,N,60,0,1,0,0,1,0,0,0,0,"- ","- ",,,"LOS ANGELES",POMONA,-117.73662087,34.055449019999998
7138076,2015,2015-12-21,1969,2015-11-09,1821,10073,PATRO,1,5,5,1969,0,0,0,,0,0A3,"OTIS ST","MISSOURI AV",0.00,,Y,A,-,N,,,,,,,,,,N,3,0,1,2,D,-,00,,,N,G,B,B,A,H,-,C,A,0,Y,,,,Y,,-,"- ",0,1,0,0,1,0,0,0,0,"- ","- ",,,"LOS ANGELES","SOUTH GATE",-118.19735005,33.945510059999997
7138080,2015,2015-12-21,1969,2015-11-14,2128,10068,PATRO,6,5,5,1969,0,0,0,,0,002,"SANTA ANA ST","EVERGREEN AV",48.00,E,N,A,-,N,,,,,,,,,,N,4,0,1,2,A,-,11,21950,B,N,G,B,E,A,H,-,C,D,0,Y,,,,Y,,N,60,0,0,1,0,1,0,0,0,0,"- ","- ",,,"LOS ANGELES","SOUTH GATE",-118.21655287,33.964076339999998
7138089,2015,2015-12-21,1969,2015-11-06,1921,10114,PATRO,5,5,5,1969,0,0,0,,0,003,"TWEEDY BL","SAN MIGUEL AV",158.00,E,N,A,-,N,,,,,,,,,,Y,2,0,1,2,A,-,11,21954,A,N,A,B,D,A,H,-,C,A,0,Y,,,,Y,Y,N,60,1,0,0,0,1,0,0,0,0,"- ","- ",,,"LOS ANGELES","SOUTH GATE",-118.20039429000001,33.943625240000003
7138105,2015,2015-12-21,1969,2015-11-12,0746,10171,TRAFF,4,5,5,1969,0,0,0,,0,001,"WISCONSIN AV","PESCADERO AV",50.00,E,N,A,-,N,,,,,,,,,,N,4,0,1,2,A,-,03,22350,,N,G,B,E,A,H,-,A,A,0,Y,,,,Y,,A,01,0,0,1,0,1,0,0,0,0,"- ","- ",,,"LOS ANGELES","SOUTH GATE",-118.21783686000001,33.94378227
7138277,2015,2016-02-18,1906,2015-12-10,1953,2891,1906,4,5,5,1906,0,0,0,,0,001,"FOSTER AV","SPARLAND ST",350.00,N,N,C,-,N,,,,,,,,,,N,4,0,1,2,A,-,21,22106,,M,G,B,D,B,-,-,C,-,0,Y,,,,Y,,-,"- ",0,0,1,0,1,0,0,0,0,"- ","- ",,,"LOS ANGELES","BALDWIN PARK",-117.97726401,34.07588552
7138496,2015,2015-12-23,1900,2015-11-13,2250,519547,0977,5,5,4,1979,0,0,0,,0,91T3,"LARRABEE ST","CYNTHIA ST",80.00,S,N,A,-,N,,,,,,,,,,N,3,0,1,2,A,-,21,22106,,N,B,B,D,A,H,-,C,D,0,Y,,,,Y,,A,01,0,1,0,0,1,0,0,0,0,"- ","- ",,,"LOS ANGELES","WEST HOLLYWOOD",-118.38439159000001,34.08708678
7138760,2015,2016-01-04,1925,2015-11-24,1804,19364,168,2,5,6,1925,0,0,0,,0,001,"STOCKER ST","MELROSE AV",73.00,E,N,A,-,N,,,,,,,,,,N,3,0,1,2,A,-,11,21954,A,N,G,B,D,A,H,-,C,D,0,Y,,,,Y,,N,60,0,1,0,0,1,0,0,0,0,"- ","- ",,,"LOS ANGELES",GLENDALE,-118.25921916,34.163690000000003
7138834,2015,2015-12-28,1925,2015-12-01,1537,19167,222,2,5,6,1925,0,0,0,,0,002,"CENTRAL AV","LEXINGTON AV",0.00,,Y,A,-,N,,,,,,,,,,N,4,0,2,3,A,-,10,21950,A,N,G,B,B,A,H,-,A,A,0,Y,,,,Y,,A,01,0,0,2,0,2,0,0,0,0,"- ","- ",,,"LOS ANGELES",GLENDALE,-118.25791005000001,34.151700050000002
7138874,2015,2015-12-28,1925,2015-12-03,1520,24111,174,4,5,6,1925,0,0,0,,0,001,"GLENOAKS BL","HIGHLAND AV",0.00,,Y,A,-,N,,,,,,,,,,N,3,0,1,2,A,-,10,21950,A,N,G,B,B,A,H,-,A,A,0,Y,,,,Y,,A,07,0,1,0,0,1,0,0,0,0,"- ","- ",,,"LOS ANGELES",GLENDALE,-118.27487008999999,34.16078006
7139215,2015,2016-01-07,1965,2015-12-23,1445,1358,0B2D,3,5,5,1965,0,0,0,,0,B002,"OCEAN PARK BL","29TH ST",0.00,,Y,A,-,N,,,,,,,,,,N,4,0,1,2,A,-,11,21950,B,N,G,B,B,A,H,-,A,A,0,Y,,,,Y,,N,60,0,0,1,0,1,0,0,0,0,"- ","- ",,,"LOS ANGELES","SANTA MONICA",-118.45493007,34.019440099999997
7139219,2015,2016-01-07,1965,2015-12-20,1809,3816,0B1F,7,5,5,1965,0,0,0,,0,G001,"MAIN ST","PIER AV",9.00,N,N,A,-,N,,,,,,,,,,Y,4,0,2,3,A,-,10,21950,A,N,G,B,B,A,H,-,C,D,0,Y,,,,Y,,A,01,0,0,2,0,2,0,0,0,0,"- ","- ",,,"LOS ANGELES","SANTA MONICA",-118.48012897,33.998548970000002
7139280,2015,2016-01-07,1900,2015-12-21,1600,489533,0456,1,5,6,1949,0,0,0,,0,45T1,"HORST AV","HAYFORD ST",21.00,N,N,B,-,N,,,,,,,,,,N,3,0,1,2,A,-,10,21950,A,N,G,B,C,A,H,-,A,A,0,Y,,,,Y,,A,01,0,1,0,0,1,0,0,0,0,"- ","- ",,,"LOS ANGELES",NORWALK,-118.07534167,33.888417570000001
7139363,2015,2016-01-14,1961,2015-12-08,1805,10402,1961,2,5,3,1961,0,0,0,,0,001,"7TH ST","ORANGE GROVE AV",0.00,,Y,A,-,N,,,,,,,,,,N,3,0,1,2,A,-,10,21950,A,N,A,B,B,A,H,-,C,A,0,Y,,,,Y,,A,01,0,1,0,0,1,0,0,0,0,"- ","- ",,,"LOS ANGELES","SAN FERNANDO",-118.43285013000001,34.299150099999999
7139387,2015,2016-01-14,1961,2015-12-23,1735,10402,1961,3,5,3,1961,0,0,0,,0,003,"TRUMAN ST","TRUMAN ST 1500",0.00,E,N,G,-,N,,,,,,,,,,N,2,0,1,2,A,-,11,21954,A,N,G,B,D,A,H,-,C,D,0,Y,,,,Y,,N,60,1,0,0,0,1,0,0,0,0,"- ","- ",,,"LOS ANGELES","SAN FERNANDO",-118.44623799999999,34.288082000000003
7140012,2015,2015-12-24,1975,2015-12-07,0747,353,,1,5,6,1975,0,0,0,,0,006,"VALLEY VIEW AV","NOGALES AV",10.00,E,N,A,-,N,,,,,,,,,,N,3,0,1,2,A,-,10,21950,A,N,G,B,B,A,H,-,A,A,0,Y,,,,Y,,-,,0,1,0,0,1,0,0,0,0,"- ","- ",,,"LOS ANGELES","WEST COVINA",-117.88747720000001,34.004767700000002
7140041,2015,2015-12-22,1900,2015-11-26,1754,523207,2313,4,5,5,1919,0,0,0,,0,230T,"EASTMAN ST","ALMADIN AV",140.00,E,N,A,-,N,,,,,,,,,,N,4,0,1,2,A,-,21,22106,,N,G,B,E,A,H,-,B,D,0,Y,,,,Y,,A,,0,0,1,0,1,0,0,0,0,"- ","- ",,,"LOS ANGELES",CERRITOS,-118.07500998,33.853817579999998
7140171,2015,2015-12-18,1900,2015-12-04,1530,489533,0451,5,5,6,1949,0,0,0,,0,45T1,"STUDEBAKER RD","IMPERIAL HWY",681.00,N,N,A,-,N,,,,,,,,,,N,3,0,1,2,A,-,03,22350,,N,G,B,C,A,H,-,A,D,0,Y,,,,Y,,A,01,0,1,0,0,1,0,0,0,0,"- ","- ",,,"LOS ANGELES",NORWALK,-118.09931,33.919047339999999
7140198,2015,2015-12-18,1975,2015-12-04,0758,377,4,5,5,6,1975,0,0,0,,0,,"STUART AV","LARK ELLEN AV",0.00,,Y,B,-,N,,,,,,,,,,N,4,0,1,2,A,-,10,21950,A,N,G,B,B,A,H,-,A,A,0,Y,,,,Y,,-,,0,0,1,0,1,0,0,0,0,"- ","- ",,,"LOS ANGELES","WEST COVINA",-117.91662003,34.068440039999999
7140203,2015,2015-12-21,1975,2015-11-17,1504,377,,2,5,6,1975,0,0,0,,0,004,"CORTEZ ST","AZUSA AV",0.00,,Y,A,-,N,,,,,,,,,,N,3,0,1,2,A,-,10,21950,A,N,G,B,B,A,H,-,A,A,0,Y,,,,Y,,-,,0,1,0,0,1,0,0,0,0,"- ","- ",,,"LOS ANGELES","WEST COVINA",-117.90788003999999,34.064710050000002
7140212,2015,2015-12-18,1975,2015-11-13,1803,353,,5,5,6,1975,0,0,0,,0,001,"SUNSET AV","ROWLAND AV",33.00,S,N,A,-,N,,,,,,,,,,Y,2,0,1,2,A,-,11,21954,A,N,G,B,D,A,H,-,C,D,0,Y,,,,Y,,N,60,1,0,0,0,1,0,0,0,0,"- ","- ",,,"LOS ANGELES","WEST COVINA",-117.93502932,34.078969860000001
7140216,2015,2015-12-18,1975,2015-11-21,0630,432,,6,5,6,1975,0,0,0,,0,006,"WEDNESDAY DR","TUESDAY DR",4.00,W,N,A,-,N,,,,,,,,,,N,4,0,1,2,A,-,11,21954,A,F,G,B,E,-,G,-,D,D,0,Y,,,,Y,,N,60,0,0,1,0,1,0,0,0,0,"- ","- ",,,"LOS ANGELES","WEST COVINA",-117.90075962,34.014152510000002
7140419,2015,2015-12-24,1976,2015-11-05,1257,420,,4,5,3,1964,0,0,0,,0,002,"BARTLEY AV","TELEGRAPH RD",10.00,S,N,A,-,N,,,,,,,,,,N,4,0,1,2,A,-,11,21456,B,N,G,B,B,A,H,-,A,D,0,Y,,,,Y,,N,60,0,0,1,0,1,0,0,0,0,"- ","- ",,,"LOS ANGELES","SANTA FE SPRINGS",-118.09065081,33.949122590000002
7140519,2015,2015-12-21,1900,2015-12-03,1130,526024,2112,4,5,5,1943,0,0,0,,0,212T3,"STOCKWELL DR","IMPERIAL HWY",60.00,S,N,A,-,N,,,,,,,,,,N,3,0,1,2,A,-,11,21954,A,M,G,B,D,A,H,-,A,D,0,Y,,,,Y,,N,,0,1,0,0,1,0,0,0,0,"- ","- ",,,"LOS ANGELES",LYNWOOD,-118.20068216999999,33.932023829999999
7140563,2015,2015-12-21,1900,2015-11-27,1915,536813,0613,5,5,6,1985,0,0,0,,0,63T1,"SOLEDAD CANYON RD","SHANGRI LA DR",12.00,W,N,A,-,N,,,,,,,,,,N,3,0,1,2,A,-,11,21456,B,N,G,B,B,A,H,-,C,A,0,Y,,,,Y,,N,60,0,1,0,0,1,0,0,0,0,"- ","- ",,,"LOS ANGELES","SANTA CLARITA",-118.4586997,34.416079189999998
7140574,2015,2015-12-21,1906,2015-11-09,1048,4407,1906,1,5,5,1906,0,0,0,,0,003,"RAMONA BL","CESAR CHAVEZ DR",0.00,,Y,B,-,N,,,,,,,,,,N,4,0,1,2,A,-,03,22350,,N,B,B,C,A,H,-,A,D,0,Y,,,,Y,,A,01,0,0,1,0,1,0,0,0,0,"- ","- ",,,"LOS ANGELES","BALDWIN PARK",-117.96236,34.08614
7140583,2015,2015-12-21,1900,2015-11-19,1820,532237,0631,4,5,6,1985,0,0,0,,0,60T2,"SIERRA HWY","SANDY DR",463.00,N,N,A,-,N,,,,,,,,,,N,2,0,1,3,A,-,11,21956,A,N,G,B,D,A,H,-,C,D,0,Y,,,,Y,,N,60,1,0,0,0,1,0,0,0,0,"- ","- ",,,"LOS ANGELES","SANTA CLARITA",-118.45715226,34.41333212
7140585,2015,2015-12-21,1900,2015-11-20,1530,480759,622,5,5,6,1985,0,0,0,,0,64T1,"ALTA MADERA DR","RANCHO ADOBE RD",0.00,,Y,A,-,N,,,,,,,,,,N,4,0,1,2,A,-,10,21950,A,N,G,B,B,A,H,-,A,D,0,Y,,,,Y,,A,01,0,0,1,0,1,0,0,0,0,"- ","- ",,,"LOS ANGELES","SANTA CLARITA",-118.54891010999999,34.400780070000003
7140680,2015,2015-12-28,1920,2015-11-20,1811,10216,,5,5,6,1920,0,0,0,,0,006,"COLE ST","DOWNEY AV",35.00,E,N,A,-,N,,,,,,,,,,N,3,0,1,2,A,-,21,22106,,N,G,B,F,A,H,-,C,D,0,Y,,,,Y,Y,-,,0,1,0,0,1,0,0,0,0,"- ","- ",,,"LOS ANGELES",DOWNEY,-118.13937726,33.931006670000002
7140837,2015,2015-12-29,1923,2015-12-10,1411,467,315,4,5,3,1923,0,0,0,,0,3M3,"EL SEGUNDO BL","AVIATION BL",3.00,W,N,B,-,N,,,,,,,,,,N,4,0,1,2,A,-,11,21950,B,N,G,B,B,A,H,-,A,A,0,Y,,,,Y,,N,60,0,0,1,0,1,0,0,0,0,"- ","- ",,,"LOS ANGELES","EL SEGUNDO",-118.37844987,33.916289999999996
7140906,2015,2015-12-22,1900,2015-12-07,1750,531276,1434,1,5,4,1937,0,0,0,,0,143T1,"NELSON AV","UNRUH AV",0.00,,Y,A,-,N,,,,,,,,,,N,4,0,1,2,A,-,10,21950,A,N,G,B,B,A,H,-,C,A,0,Y,,,,Y,,A,01,0,0,1,0,1,0,0,0,0,"- ","- ",34.030009999999997,-117.96248,"LOS ANGELES","LA PUENTE",-117.96259003999999,34.029960080000002
7140926,2015,2015-12-22,1923,2015-12-02,0738,467,102,3,5,3,1923,0,0,0,,0,3M3,"CYPRESS ST","WALNUT AV",14.00,N,N,A,-,N,,,,,,,,,,N,2,0,1,2,A,-,08,22100,B,N,G,B,E,A,H,-,A,A,0,Y,,,,Y,,-,,1,0,0,0,1,0,0,0,0,"- ","- ",,,"LOS ANGELES","EL SEGUNDO",-118.41215086,33.928968390000001
7140970,2015,2015-12-22,1900,2015-11-24,1358,403161,1410,2,5,1,1932,0,0,0,,0,141T3D,"KELLA AV","ROOKS RD",430.00,N,N,A,-,N,,,,,,,,,,N,2,0,1,2,A,-,21,22106,,N,G,B,E,A,H,-,A,D,0,Y,,,,Y,,A,01,1,0,0,0,1,0,0,0,0,"- ","- ",34.030949999999997,-118.03561999999999,"LOS ANGELES",INDUSTRY,-118.03561845999999,34.030827270000003
7140990,2015,2015-12-22,1947,2015-11-10,0646,1252,,2,5,5,1947,0,0,0,,0,00D,"BEACH ST","MONTEBELLO BL",3.00,E,N,A,-,N,,,,,,,,,,N,3,0,1,2,A,-,10,21950,A,N,G,B,B,A,H,-,A,D,0,Y,,,,Y,,A,01,0,1,0,0,1,0,0,0,0,"- ","- ",,,"LOS ANGELES",MONTEBELLO,-118.11380102,33.997986580000003
7140993,2015,2015-12-22,1947,2015-11-04,1703,R4,,3,5,5,1947,0,0,0,,0,00A,"N MORRIS PL","W HAY ST W",0.00,,Y,A,-,N,,,,,,,,,,N,3,0,1,2,A,-,10,21950,A,N,G,B,D,A,H,-,B,D,0,Y,,,,Y,,A,01,0,1,0,0,1,0,0,0,0,"- ","- ",,,"LOS ANGELES",MONTEBELLO,-118.12483004000001,34.026710010000002
7140994,2015,2016-08-03,1947,2015-11-15,1615,1405,,7,5,5,1947,0,0,0,,0,00B,"W WHITTIER BL",VAIL,9.00,W,N,A,G,N,,,,,,,,,,N,4,0,1,2,A,-,10,21950,A,N,G,B,B,A,H,-,A,A,0,Y,,,,Y,,A,07,0,0,1,0,1,0,0,0,0,"- ","- ",,,"LOS ANGELES",MONTEBELLO,-118.1193087,34.012356150000002
7140997,2015,2015-12-22,1947,2015-11-13,1938,1403,,5,5,5,1947,0,0,0,,0,00E,"NORTH GARFIELD AV","W WHITTIER BL W",0.00,,Y,A,-,N,,,,,,,,,,N,4,0,1,2,A,-,10,21950,A,N,G,B,B,A,H,-,-,A,0,Y,,,,Y,,A,01,0,0,1,0,1,0,0,0,0,"- ","- ",,,"LOS ANGELES",MONTEBELLO,-118.13003005,34.014600010000002
7140998,2015,2016-08-05,1947,2015-11-19,1834,1402,,4,5,5,1947,0,0,0,,0,00A,"W BEVERLY","VIA SAN CLEMENTE",129.00,E,N,A,-,N,,,,,,,,,,N,3,0,1,2,A,-,11,21954,A,N,G,B,D,A,H,-,C,D,0,Y,,,,Y,,N,60,0,1,0,0,1,0,0,0,0,"- ","- ",34.022469999999998,-118.134,"LOS ANGELES",MONTEBELLO,-118.13482485999999,34.023046069999999
7141014,2015,2017-02-01,1923,2015-11-21,0236,437,318,6,5,3,1923,0,0,0,,0,003,"SEPULVEDA BL","ROSECRANS AV",100.00,N,N,A,-,Y,LA,7,1,-,-,23.940,H,-,N,Y,2,0,1,2,A,-,11,21954,A,N,G,B,E,A,H,-,C,A,0,Y,,,,Y,,N,60,1,0,0,0,1,0,0,0,0,"- ","- ",,,"LOS ANGELES","EL SEGUNDO",-118.39610768,33.902066560000002
7141115,2015,2016-08-03,1953,2015-12-10,0802,0311,1953,4,5,6,1953,0,0,0,,0,003,"LAKE AV","ORANGE GROVE BL",0.00,,Y,A,-,N,,,,,,,,,,N,3,0,1,2,A,-,11,21456,1,N,G,B,B,A,H,-,A,A,0,Y,,,Y,Y,,N,60,0,1,0,0,1,0,0,0,0,"- ","- ",,,"LOS ANGELES",PASADENA,-118.13245007,34.1577701
7141119,2015,2015-12-29,1953,2015-12-10,2143,7652,1953,4,5,6,1953,0,0,0,,0,005,"UNION ST","EL MOLINO AV",0.00,,Y,C,-,N,,,,,,,,,,N,4,0,1,2,A,-,08,22107,,N,-,B,B,B,H,-,C,A,0,Y,,,,Y,,A,01,0,0,1,0,1,0,0,0,0,"- ","- ",,,"LOS ANGELES",PASADENA,-118.13691006000001,34.14723008