CASE_ID,ACCIDENT_YEAR,PROC_DATE,JURIS,COLLISION_DATE,COLLISION_TIME,OFFICER_ID,REPORTING_DISTRICT,DAY_OF_WEEK,CHP_SHIFT,POPULATION,CNTY_CITY_LOC,SPECIAL_COND,BEAT_TYPE,CHP_BEAT_TYPE,CITY_DIVISION_LAPD,CHP_BEAT_CLASS,BEAT_NUMBER,PRIMARY_RD,SECONDARY_RD,DISTANCE,DIRECTION,INTERSECTION,WEATHER_1,WEATHER_2,STATE_HWY_IND,CALTRANS_COUNTY,CALTRANS_DISTRICT,STATE_ROUTE,ROUTE_SUFFIX,POSTMILE_PREFIX,POSTMILE,LOCATION_TYPE,RAMP_INTERSECTION,SIDE_OF_HWY,TOW_AWAY,COLLISION_SEVERITY,NUMBER_KILLED,NUMBER_INJURED,PARTY_COUNT,PRIMARY_COLL_FACTOR,PCF_CODE_OF_VIOL,PCF_VIOL_CATEGORY,PCF_VIOLATION,PCF_VIOL_SUBSECTION,HIT_AND_RUN,TYPE_OF_COLLISION,MVIW,PED_ACTION,ROAD_SURFACE,ROAD_COND_1,ROAD_COND_2,LIGHTING,CONTROL_DEVICE,CHP_ROAD_TYPE,PEDESTRIAN_ACCIDENT,BICYCLE_ACCIDENT,MOTORCYCLE_ACCIDENT,TRUCK_ACCIDENT,NOT_PRIVATE_PROPERTY,ALCOHOL_INVOLVED,STWD_VEHTYPE_AT_FAULT,CHP_VEHTYPE_AT_FAULT,COUNT_SEVERE_INJ,COUNT_VISIBLE_INJ,COUNT_COMPLAINT_PAIN,COUNT_PED_KILLED,COUNT_PED_INJURED,COUNT_BICYCLIST_KILLED,COUNT_BICYCLIST_INJURED,COUNT_MC_KILLED,COUNT_MC_INJURED,PRIMARY_RAMP,SECONDARY_RAMP,LATITUDE,LONGITUDE,COUNTY,CITY,POINT_X,POINT_Y
7152844,2015,2016-01-14,1900,2015-12-28,2340,530864,2814,1,5,5,1915,0,0,0,,0,281T1,"POPLAR ST","OLEANDER AV",150.00,E,N,A,-,N,,,,,,,,,,N,3,0,1,2,A,-,08,22107,,F,G,B,E,A,H,-,A,D,0,Y,,,,Y,,A,01,0,1,0,0,1,0,0,0,0,"- ","- ",,,"LOS ANGELES",COMPTON,-118.22986,33.899999999999999
7152872,2015,2016-01-14,1900,2015-12-23,0845,516691,2814,3,5,5,1915,0,0,0,,0,282T1,"ROSECRANS AV","OLEANDER AV",25.00,E,N,A,-,N,,,,,,,,,,N,3,0,2,3,A,-,10,21950,A,N,D,B,B,A,H,-,A,A,0,Y,,,,Y,,A,08,0,2,0,0,2,0,0,0,0,"- ","- ",,,"LOS ANGELES",COMPTON,-118.22999778000001,33.903370000000002
7152891,2015,2016-01-15,1942,2015-11-29,1510,41717,77TH,7,5,7,1942,0,0,0,,0,12ELZ,"WESTERN AV",104TH,2.00,S,N,A,-,N,,,,,,,,,,N,4,0,1,2,A,-,10,21950,A,N,G,B,B,A,H,-,A,A,0,Y,,,,Y,,A,07,0,0,1,0,1,0,0,0,0,"- ","- ",,,"LOS ANGELES","LOS ANGELES",-118.30903000000001,33.94181451
7152947,2015,2016-01-15,1920,2015-11-17,1848,11241,1920,2,5,6,1920,0,0,0,,0,001,"BELLFLOWER BL","ELM VISTA DR",0.00,,Y,A,-,N,,,,,,,,,,N,4,0,1,2,A,-,11,21950,B,N,G,B,B,A,H,-,C,A,0,Y,,,,Y,,N,60,0,0,1,0,1,0,0,0,0,"- ","- ",,,"LOS ANGELES",DOWNEY,-118.12544013,33.926170069999998
7152980,2015,2016-01-26,1942,2015-12-23,1215,37715,0897,3,5,7,1942,0,0,0,H,0,14TL52,"NATIONAL BL","CASTLE HEIGHTS AV",10.00,W,N,A,-,N,,,,,,,,,,N,3,0,1,2,A,-,11,21456,A,N,G,B,B,A,H,-,A,A,0,Y,,,,Y,,N,60,0,1,0,0,1,0,0,0,0,"- ","- ",,,"LOS ANGELES","LOS ANGELES",-118.39988294,34.031390000000002
7153251,2015,2016-01-19,1942,2015-12-12,1035,39021,0929,6,5,7,1942,0,0,0,I,0,9TL55,"VICTORY BL","ETHEL AV",13.00,E,N,A,-,N,,,,,,,,,,N,2,0,1,2,A,-,10,21950,A,N,G,B,B,A,H,-,A,A,0,Y,,,,Y,,A,01,1,0,0,0,1,0,0,0,0,"- ","- ",,,"LOS ANGELES","LOS ANGELES",-118.41809709,34.186680000000003
7153252,2015,2016-01-20,1941,2015-12-29,1526,5384,901T,2,5,7,1941,0,0,0,,0,,"ORANGE AV","ANAHEIM ST",0.00,,Y,A,-,N,,,,,,,,,,N,4,0,1,2,A,-,10,21950,A,N,G,B,B,A,H,-,A,A,0,Y,,,,Y,,-,,0,0,1,0,1,0,0,0,0,"- ","- ",,,"LOS ANGELES","LONG BEACH",-118.17635009,33.782610099999999
7153270,2015,2016-01-19,1942,2015-12-05,2350,3008,1303,6,5,7,1942,0,0,0,M,0,11T21,"PICO BL","PALOMA ST",150.00,W,N,A,-,N,,,,,,,,,,N,3,0,1,2,A,-,11,21954,A,F,G,B,D,A,H,-,C,D,0,Y,,,,Y,,N,60,0,1,0,0,1,0,0,0,0,"- ","- ",,,"LOS ANGELES","LOS ANGELES",-118.2488195,34.030547949999999
7153272,2015,2016-01-20,1941,2015-12-28,2226,6039,901T,1,5,7,1941,0,0,0,,0,,"LONG BEACH BL","WARDLOW RD",0.00,,Y,A,-,N,,,,,,,,,,N,3,0,1,2,A,-,10,21950,A,N,G,B,B,A,H,-,A,A,0,Y,,,,Y,,-,,0,1,0,0,1,0,0,0,0,"- ","- ",,,"LOS ANGELES","LONG BEACH",-118.18934002,33.818940050000002
7153275,2015,2016-01-19,1942,2015-12-24,2110,32774,0932,4,5,7,1942,0,0,0,I,0,21T61,"SYLVAN ST","KESTER AV",260.00,E,N,A,-,N,,,,,,,,,,N,3,0,1,2,A,-,11,21954,A,N,G,B,E,A,H,-,C,D,0,Y,,,,Y,,N,60,0,1,0,0,1,0,0,0,0,"- ","- ",,,"LOS ANGELES","LOS ANGELES",-118.45746,34.184840000000001
7153276,2015,2016-01-20,1941,2015-12-30,0830,6196,901,3,5,7,1941,0,0,0,,0,,"BROADWAY ST","ORANGE AV",5.00,E,N,A,-,N,,,,,,,,,,N,4,0,1,2,A,-,10,21950,A,N,G,B,-,A,H,-,A,A,0,Y,,,,Y,,-,,0,0,1,0,1,0,0,0,0,"- ","- ",,,"LOS ANGELES","LONG BEACH",-118.17682376,33.768447989999999
7153420,2015,2016-07-19,1916,2015-07-24,2111,2673,,5,5,4,1916,0,0,0,,0,WEST,"ASUZA AV","CYPRESS ST",564.00,N,N,A,-,N,,,,,,,,,,N,3,0,1,2,A,-,02,21654,A,N,G,B,D,A,H,-,C,A,0,Y,,,,Y,Y,N,60,0,1,0,0,1,0,0,0,0,"- ","- ",,,"LOS ANGELES",COVINA,-117.90780426000001,34.097316120000002
7153466,2015,2016-01-15,1925,2015-06-16,0944,18890,287,2,5,6,1925,0,0,0,,0,003,"SAN FERNANDO RD","GLENDALE AV",0.00,,Y,A,-,N,,,,,,,,,,,3,0,1,2,A,-,10,21950,A,N,G,B,B,A,H,-,A,A,0,Y,,,,Y,,A,07,0,1,0,0,1,0,0,0,0,"- ","- ",,,"LOS ANGELES",GLENDALE,-118.25395011000001,34.122790019999997
7153558,2015,2016-01-19,1925,2015-03-30,0849,14881,250,1,5,6,1925,0,0,0,,0,003,"HARVARD ST","ISABEL ST",3.00,E,N,A,-,N,,,,,,,,,,N,3,0,1,2,A,-,10,21950,A,N,G,B,B,A,H,-,A,A,0,Y,,,,Y,,A,01,0,1,0,0,1,0,0,0,0,"- ","- ",,,"LOS ANGELES",GLENDALE,-118.24883011,34.144479760000003
7153571,2015,2016-01-15,1925,2015-02-11,0900,19167,287,3,5,6,1925,0,0,0,,0,002,"SAN FERNANDO RD","BRAND BL",0.00,,Y,A,-,N,,,,,,,,,,N,4,0,1,2,A,-,11,21456,B,N,G,B,B,A,H,-,A,A,0,Y,,,,Y,,N,60,0,0,1,0,1,0,0,0,0,"- ","- ",,,"LOS ANGELES",GLENDALE,-118.25511012,34.123950049999998
7153607,2015,2016-01-19,1942,2015-12-31,1330,393355,1559,4,5,7,1942,0,0,0,O,0,14TL78,"CAHUENGA BL","MAGNOLIA BL",0.00,,Y,A,-,N,,,,,,,,,,N,3,0,1,2,A,-,00,20015,,F,G,B,B,A,H,-,A,A,0,Y,,,,Y,,-,"- ",0,1,0,0,1,0,0,0,0,"- ","- ",,,"LOS ANGELES","LOS ANGELES",-118.36154009000001,34.164900039999999
7153644,2015,2016-01-20,1942,2015-12-23,1500,40141,0909,3,5,7,1942,0,0,0,I,0,17TL14,"WOODMAN AV","WOODMAN PL",15.00,S,N,A,-,N,,,,,,,,,,N,4,0,1,2,A,-,10,21950,A,N,G,B,B,A,H,-,A,A,0,Y,,,,Y,,A,01,0,0,1,0,1,0,0,0,0,"- ","- ",,,"LOS ANGELES","LOS ANGELES",-118.43125999999999,34.207118860000001
7153660,2015,2016-01-20,1942,2015-12-15,0805,40290,0985,2,5,7,1942,0,0,0,I,0,15TL47,"MOORPARK ST","VAN NUYS BL",18.00,E,N,A,-,N,,,,,,,,,,N,3,0,1,2,A,-,10,21950,A,N,A,B,B,A,H,-,A,A,0,Y,,,,Y,,A,01,0,1,0,0,1,0,0,0,0,"- ","- ",,,"LOS ANGELES","LOS ANGELES",-118.4486316,34.151901019999997
7153665,2015,2016-02-01,1942,2015-12-14,1810,39772,0963,1,5,7,1942,0,0,0,I,0,9A63,"VAN NUYS BL","VALERIO ST",0.00,,Y,A,-,N,,,,,,,,,,N,4,0,1,2,A,-,10,21950,A,N,G,B,B,A,H,-,C,A,0,Y,,,,Y,,D,22,0,0,1,0,0,0,0,0,0,"- ","- ",,,"LOS ANGELES","LOS ANGELES",-118.44875009,34.204830090000002
7153676,2015,2016-01-20,1942,2015-12-14,1435,41249,0914,1,5,7,1942,0,0,0,I,0,9A19,"KESTER AV","HART ST",0.00,,Y,A,-,N,,,,,,,,,,N,4,0,1,2,A,-,10,21950,A,N,G,B,-,A,H,-,A,A,0,Y,,,,Y,,A,01,0,0,1,0,1,0,0,0,0,"- ","- ",,,"LOS ANGELES","LOS ANGELES",-118.45746008,34.197530120000003
7153701,2015,2016-02-23,1941,2015-12-31,0748,10777,,4,5,7,1941,0,0,0,,0,,"PARAMOUNT BL","SOUTH ST",0.00,,Y,A,-,N,,,,,,,,,,N,3,0,1,2,A,-,11,21456,B,N,G,B,B,A,H,-,A,A,0,Y,,,Y,Y,,N,,0,1,0,0,1,0,0,0,0,"- ","- ",,,"LOS ANGELES","LONG BEACH",-118.15990006,33.860180049999997
7154397,2015,2016-01-11,1942,2015-12-16,1115,38357,0238,3,5,7,1942,0,0,0,B,0,4TL45,"EDGEWARE RD","TEMPLE ST",18.00,N,N,A,-,N,,,,,,,,,,N,2,0,1,2,A,-,10,21950,A,N,G,B,B,A,H,-,A,D,0,Y,,,,Y,,A,01,1,0,0,0,1,0,0,0,0,"- ","- ",,,"LOS ANGELES","LOS ANGELES",-118.25461,34.066721000000001
7154513,2015,2016-01-12,1942,2015-12-15,2040,36814,1151,2,5,7,1942,0,0,0,K,0,1TL11,"BARNSDALL AV","VERMONT AV",205.00,W,N,A,-,N,,,,,,,,,,N,3,0,1,2,A,-,11,21955,,N,G,B,D,A,H,-,D,D,0,Y,,,,Y,,N,60,0,1,0,0,1,0,0,0,0,"- ","- ",,,"LOS ANGELES","LOS ANGELES",-118.29245564999999,34.099091399999999
7154516,2015,2016-01-26,1942,2015-12-10,1130,25753,1133,4,5,7,1942,0,0,0,K,0,11A1,"GLENDALE BL","LARGA AV",0.00,,Y,B,-,N,,,,,,,,,,Y,4,0,1,2,A,-,10,21950,A,N,A,B,B,A,H,-,A,A,0,Y,,,,Y,,-,,0,0,1,0,1,0,0,0,0,"- ","- ",,,"LOS ANGELES","LOS ANGELES",-118.26058008,34.11832012
7154517,2015,2016-01-12,1942,2015-12-13,1345,26638,1129,7,5,7,1942,0,0,0,K,0,4A9W2,"YORK BL","YORK BL 6405",0.00,,-,A,-,N,,,,,,,,,,N,4,0,1,2,D,-,00,,,N,G,B,F,A,H,-,A,D,0,Y,,,,Y,,-,"- ",0,0,1,0,1,0,0,0,0,"- ","- ",,,"LOS ANGELES","LOS ANGELES",-118.181242,34.114356000000001
7154522,2015,2016-01-12,1942,2015-12-27,1100,31476,1118,7,5,7,1942,0,0,0,K,0,4TL43,"NORTH FIGUEROA ST","AVE 57",0.00,,Y,A,-,N,,,,,,,,,,N,3,0,1,2,A,-,10,21950,A,F,G,B,B,A,H,-,A,A,0,Y,,,,Y,,-,99,0,1,0,0,1,0,0,0,0,"- ","- ",,,"LOS ANGELES","LOS ANGELES",-118.19285012,34.109560029999997
7154542,2015,2016-01-12,1942,2015-12-25,1050,39317,0335,5,5,7,1942,0,0,0,C,0,3T5,"3RD AV","MONTCLAIR ST",237.00,S,N,A,-,N,,,,,,,,,,N,3,0,1,2,A,-,11,21956,A,N,G,B,C,A,H,-,A,D,0,Y,,,,Y,,N,60,0,1,0,0,1,0,0,0,0,"- ","- ",,,"LOS ANGELES","LOS ANGELES",-118.32004999999999,34.02901
7154557,2015,2016-01-12,1900,2015-12-12,1442,522035,2262,6,5,2,1993,0,0,0,,0,222T1P,"WATERGATE RD","LA VENTA RD",0.00,,Y,A,-,N,,,,,,,,,,N,4,0,1,2,A,-,10,21950,A,N,G,B,D,A,H,-,A,D,0,Y,,,,Y,,A,01,0,0,1,0,1,0,0,0,0,"- ","- ",,,"LOS ANGELES","WESTLAKE VILLAGE",-118.82342001000001,34.147070040000003
7154588,2015,2016-02-20,1942,2015-12-15,1540,39717,147,2,5,7,1942,0,0,0,N,0,1A35,"SAN PEDRO ST","WINSTON ST",0.00,,Y,A,-,N,,,,,,,,,,N,4,0,1,2,A,-,10,21950,A,F,G,B,B,A,H,-,A,A,0,Y,,,,Y,,-,99,0,0,1,0,1,0,0,0,0,"- ","- ",,,"LOS ANGELES","LOS ANGELES",-118.24346002999999,34.044970040000003
7154832,2015,2016-01-09,1942,2015-12-13,1515,36592,1969,7,5,7,1942,0,0,0,,0,19T764,"BRANFORD ST","SHARP AV",230.00,W,N,B,-,N,,,,,,,,,,N,3,0,1,2,A,-,11,21956,A,F,G,B,E,A,H,-,A,D,0,Y,,,,Y,Y,N,60,0,1,0,0,1,0,0,0,0,"- ","- ",,,"LOS ANGELES","LOS ANGELES",-118.41725532,34.237948240000001
7154868,2015,2016-01-09,1942,2015-12-13,1655,41727,1656,7,5,7,1942,0,0,0,P,0,16A35,"FOOTHILL BL","APPERSON ST",0.00,,Y,A,-,N,,,,,,,,,,N,4,0,1,2,A,-,11,21950,B,F,G,B,B,B,H,-,B,A,0,Y,,,,Y,,-,99,0,0,1,0,1,0,0,0,0,"- ","- ",,,"LOS ANGELES","LOS ANGELES",-118.29949003999999,34.25599003
7154872,2015,2016-01-09,1942,2015-12-02,1930,41758,1942,3,5,7,1942,0,0,0,,0,19A93,"SEPULVEDA BL",DEVONSHIRE,0.00,,Y,A,-,N,,,,,,,,,,N,4,0,1,2,A,-,10,21950,A,F,G,B,B,A,H,-,C,A,0,Y,,,,Y,,-,99,0,0,1,0,1,0,0,0,0,"- ","- ",,,"LOS ANGELES","LOS ANGELES",-118.46747007,34.257310099999998
7154983,2015,2016-01-14,1900,2015-12-16,0950,600527,1123,3,5,6,1992,0,0,0,,0,111T1,"AVENUE K","GADSDEN AV",11.00,W,N,A,-,N,,,,,,,,,,N,4,0,1,2,A,-,10,21950,A,F,G,B,B,A,H,-,A,A,0,Y,,,,Y,,D,22,0,0,1,0,1,0,0,0,0,"- ","- ",,,"LOS ANGELES",LANCASTER,-118.1435,34.675060000000002
7155064,2015,2016-01-12,1931,2015-12-31,1525,5649,1931,4,5,5,1931,0,0,0,,0,002,"GAGE AV","CEDAR ST",0.00,,Y,A,-,N,,,,,,,,,,N,3,0,1,2,A,-,06,21951,,N,G,B,B,A,H,-,A,D,0,Y,,,,Y,,A,01,0,1,0,0,1,0,0,0,0,"- ","- ",,,"LOS ANGELES","HUNTINGTON PARK",-118.21368003000001,33.980860010000001
7155135,2015,2016-02-03,1900,2015-12-30,1801,506781,0533,3,5,5,1959,0,0,0,,0,53T1PM,"WALNUT GROVE AV","GARVEY AV",232.00,S,N,A,-,N,,,,,,,,,,Y,2,0,2,3,A,-,11,21954,A,N,G,B,D,A,H,-,C,D,0,Y,,,,Y,,N,60,2,0,0,0,2,0,0,0,0,"- ","- ",,,"LOS ANGELES",ROSEMEAD,-118.08196777000001,34.062043950000003
7155174,2015,2016-01-12,1900,2015-12-30,1330,263565,1125,3,5,6,1992,0,0,0,,0,112T2,"AVENUE J","15TH ST WEST",130.00,E,N,A,-,N,,,,,,,,,,N,4,0,1,2,A,-,11,21955,,M,G,B,C,A,H,-,A,D,0,Y,,,,Y,,N,60,0,0,1,0,1,0,0,0,0,"- ","- ",,,"LOS ANGELES",LANCASTER,-118.15640845,34.689430000000002
7155182,2015,2016-01-12,1900,2015-12-29,2205,537857,1133,2,5,6,1992,0,0,0,,0,112T2,"AVENUE J","RODIN AV",65.00,E,N,A,-,N,,,,,,,,,,N,2,0,1,2,A,-,11,21956,A,F,G,B,E,A,H,-,D,A,0,Y,,,,Y,Y,N,60,1,0,0,0,1,0,0,0,0,"- ","- ",,,"LOS ANGELES",LANCASTER,-118.11848423000001,34.689570000000003
7155311,2015,2016-01-15,1956,2015-12-28,1826,1188,19,1,5,5,1956,0,0,0,,0,001,"TORRANCE BL","LUCIA ST",0.00,,Y,A,-,N,,,,,,,,,,N,3,0,2,3,A,-,08,22107,,N,D,B,B,A,H,-,C,D,0,Y,,,,Y,Y,A,07,0,1,1,0,2,0,0,0,0,"- ","- ",,,"LOS ANGELES","REDONDO BEACH",-118.37780005,33.838510100000001
7155492,2015,2016-01-14,1942,2015-12-19,0815,38335,1133,6,5,7,1942,0,0,0,K,0,11A51,"EAST MEDIA CENTER DR","SAN FERNANDO RD",50.00,E,N,A,-,N,,,,,,,,,,N,4,0,1,2,A,-,11,21956,A,N,G,B,E,A,H,-,A,D,0,Y,,,,Y,,N,60,0,0,1,0,1,0,0,0,0,"- ","- ",,,"LOS ANGELES","LOS ANGELES",-118.24229,34.109369999999998
7155508,2015,2016-01-14,1942,2015-12-09,1742,36167,0236,3,5,7,1942,0,0,0,B,0,ZA5,"BURLINGTON AV","MIRAMAR ST",0.00,,Y,A,-,N,,,,,,,,,,N,3,0,1,2,A,-,11,21954,A,N,G,B,D,A,H,-,C,D,0,Y,,,,Y,,N,60,0,1,0,0,1,0,0,0,0,"- ","- ",,,"LOS ANGELES","LOS ANGELES",-118.26845006000001,34.062060049999999
7155512,2015,2016-01-14,1942,2015-12-17,1440,37846,1142,4,5,7,1942,0,0,0,K,0,11FB18,"HILLHURST AV","AMBROSE AV",0.00,,Y,A,-,N,,,,,,,,,,N,3,0,1,2,A,-,10,21950,A,N,G,B,B,A,H,-,A,A,0,Y,,,,Y,,-,,0,1,0,0,1,0,0,0,0,"- ","- ",,,"LOS ANGELES","LOS ANGELES",-118.28742002,34.109950009999999
7155799,2015,2016-01-19,1942,2015-12-26,2135,40003,1251,6,5,7,1942,0,0,0,L,0,3TL5,"CRENSHAW BL","74TH ST",0.00,,Y,A,-,N,,,,,,,,,,Y,3,0,2,2,A,-,03,22350,,N,D,B,B,A,H,-,C,A,0,Y,,Y,,Y,,C,02,0,2,0,0,1,0,0,0,1,"- ","- ",,,"LOS ANGELES","LOS ANGELES",-118.33086,33.97269
7155807,2015,2016-01-19,1942,2015-12-28,1100,39317,1253,1,5,7,1942,0,0,0,L,0,18T23,"FLORENCE AV","WESTERN AV",0.00,,Y,A,-,N,,,,,,,,,,N,4,0,1,2,A,-,03,22350,,F,D,A,B,A,H,-,A,A,0,Y,,,,Y,,-,99,0,0,1,0,1,0,0,0,0,"- ","- ",,,"LOS ANGELES","LOS ANGELES",-118.30898006,33.974570010000001
7155843,2015,2016-01-15,1942,2015-11-26,0920,41853,528,4,5,7,1942,0,0,0,,0,5A85,"SANFORD AV","L ST",0.00,,Y,A,-,N,,,,,,,,,,N,3,0,1,2,A,-,10,21950,A,N,G,B,B,A,H,-,A,D,0,Y,,,,Y,,A,01,0,1,0,0,1,0,0,0,0,"- ","- ",,,"LOS ANGELES","LOS ANGELES",-118.25076013,33.787380059999997
7155907,2015,2016-01-15,1973,2015-11-20,1512,628,1973,5,5,1,1973,0,0,0,,0,001,"E VERNON AV","SEVILLE AV",0.00,,Y,A,-,N,,,,,,,,,,N,3,0,1,2,A,-,10,21950,A,F,G,B,B,A,H,-,A,D,0,Y,,,,Y,,-,,0,1,0,0,1,0,0,0,0,"- ","- ",,,"LOS ANGELES",VERNON,-118.22274014,34.005400059999999
7155919,2015,2016-01-15,1942,2015-11-14,1910,39177,0313,6,5,7,1942,0,0,0,C,0,3TL57,"ADAMS BL","13TH AV",109.00,W,N,A,-,N,,,,,,,,,,Y,3,0,1,2,A,-,11,21954,A,N,G,B,D,A,H,-,C,D,0,Y,,,,Y,,N,60,0,1,0,0,1,0,0,0,0,"- ","- ",,,"LOS ANGELES","LOS ANGELES",-118.33229903,34.03258546
7156534,2015,2016-01-21,1900,2015-12-29,1619,530861,0530,2,5,5,1959,0,0,0,,0,53T1PM,"PITKIN ST","ENCINITA AV",2.00,E,N,A,-,N,,,,,,,,,,N,4,0,1,2,A,-,10,21950,A,N,G,B,B,A,H,-,A,D,0,Y,,,,Y,,D,22,0,0,1,0,1,0,0,0,0,"- ","- ",,,"LOS ANGELES",ROSEMEAD,-118.06764341,34.086970049999998
7156883,2015,2016-01-21,1942,2015-12-16,1700,40164,1407,3,5,7,1942,0,0,0,N,0,14TL52,"VINTON AV","REGENT ST",466.00,N,N,A,-,N,,,,,,,,,,N,2,0,1,2,A,-,11,21954,A,N,G,B,D,A,H,-,C,D,0,Y,,,,Y,,N,60,1,0,0,0,1,0,0,0,0,"- ","- ",,,"LOS ANGELES","LOS ANGELES",-118.40543826,34.024376160000003
7156887,2015,2016-01-21,1942,2015-12-30,1755,33342,0666,3,5,7,1942,0,0,0,F,0,6A76,"SUNSET BL","MORNINGSIDE DR",146.00,W,N,A,-,N,,,,,,,,,,N,2,0,2,2,A,-,03,22350,,N,G,B,F,A,H,-,C,D,0,Y,,,,Y,,A,01,1,0,1,0,1,0,0,0,0,"- ","- ",,,"LOS ANGELES","LOS ANGELES",-118.32824133,34.097999999999999
7156907,2015,2016-01-21,1942,2015-12-21,0100,41327,0645,1,5,7,1942,0,0,0,F,0,11A62,"HAWTHORNE AV","ORANGE DR",0.00,,Y,A,-,N,,,,,,,,,,N,4,0,1,2,A,-,10,21950,,N,G,B,B,A,H,-,D,D,0,Y,,,,Y,,A,01,0,0,1,0,1,0,0,0,0,"- ","- ",,,"LOS ANGELES","LOS ANGELES",-118.34141003000001,34.100350030000001
7156911,2015,2016-01-20,1942,2015-12-31,0940,31387,678,4,5,7,1942,0,0,0,,0,6TL7,"WESTERN AV","SANTA MONICA BL",0.00,,Y,A,-,N,,,,,,,,,,N,4,0,1,2,A,-,10,21950,,N,D,B,B,A,H,-,A,A,0,Y,,,,Y,,A,01,0,0,1,0,1,0,0,0,0,"- ","- ",,,"LOS ANGELES","LOS ANGELES",-118.30917011,34.09077001
7156915,2015,2016-01-20,1942,2015-12-29,0815,31255,0644,2,5,7,1942,0,0,0,F,0,6TL7,"POINSETTIA PL","SUNSET BL",0.00,,Y,A,-,N,,,,,,,,,,N,3,0,1,2,A,-,10,21950,A,N,G,B,B,A,H,-,A,A,0,Y,,,,Y,,A,01,0,1,0,0,1,0,0,0,0,"- ","- ",,,"LOS ANGELES","LOS ANGELES",-118.34834001999999,34.098000069999998
7156927,2015,2016-01-20,1942,2015-12-31,0955,31668,2093,4,5,7,1942,0,0,0,,0,20TL55,"NORMANDIE AV","WASHINGTON BL",75.00,N,N,A,-,N,,,,,,,,,,N,3,0,1,2,A,-,11,21956,A,F,G,B,D,A,H,-,A,D,0,Y,,,,Y,,N,60,0,1,0,0,1,0,0,0,0,"- ","- ",,,"LOS ANGELES","LOS ANGELES",-118.30083257,34.040195599999997
7157122,2015,2016-01-25,1942,2015-12-31,1520,34959,0705,4,5,7,1942,0,0,0,G,0,7TL23,"CLINTON ST","LA BREA AV",0.00,,Y,A,-,N,,,,,,,,,,N,2,0,1,2,A,-,10,21950,A,N,G,B,B,A,H,-,A,A,0,Y,,,,Y,,A,01,1,0,0,0,1,0,0,0,0,"- ","- ",,,"LOS ANGELES","LOS ANGELES",-118.34406006,34.081850060000001
7157150,2015,2016-01-25,1942,2015-12-24,1955,38721,0721,4,5,7,1942,0,0,0,G,0,34E1,"3RD ST","SAN VICENTE BL",2.00,E,N,A,-,N,,,,,,,,,,N,4,0,1,2,A,-,12,21453,A,N,G,B,B,A,H,-,C,D,0,Y,,,,Y,Y,A,01,0,0,1,0,1,0,0,0,0,"- ","- ",,,"LOS ANGELES","LOS ANGELES",-118.37785344,34.073539449999998
7157229,2015,2016-01-29,1942,2015-11-21,0011,37575,2079,6,5,7,1942,0,0,0,,0,20T59,"PICO BL","WESTMORELAND AV",121.00,W,N,A,-,N,,,,,,,,,,N,2,0,1,2,A,-,11,21954,A,F,G,B,E,A,H,-,C,D,0,Y,,,,Y,,N,60,1,0,0,0,1,0,0,0,0,"- ","- ",,,"LOS ANGELES","LOS ANGELES",-118.2895686,34.047274219999998
7157241,2015,2016-01-29,1942,2015-11-21,0010,37575,2079,6,5,7,1942,0,0,0,,0,20T59,"PICO BL","WESTMORELAND AV",134.00,W,N,A,-,N,,,,,,,,,,N,2,0,1,2,A,-,11,21954,A,F,G,B,D,A,H,-,C,D,0,Y,,,,Y,,N,60,1,0,0,0,1,0,0,0,0,"- ","- ",,,"LOS ANGELES","LOS ANGELES",-118.28961142,34.047273599999997
7157477,2015,2016-01-20,1925,2015-01-02,0912,22104,236,5,5,6,1925,0,0,0,,0,004,"WILSON AV","KENWOOD ST",0.00,,Y,A,-,N,,,,,,,,,,N,4,0,1,2,A,-,10,21950,A,N,G,B,B,-,H,-,A,A,0,Y,,,,Y,,A,,0,0,1,0,1,0,0,0,0,"- ","- ",,,"LOS ANGELES",GLENDALE,-118.25140012999999,34.148120069999997
7157524,2015,2016-01-23,1900,2015-11-24,0805,529392,1513,2,5,5,1954,0,0,0,,0,151T1D,"ROSEMEAD BL","THE MARKETPLACE",0.00,,Y,A,-,N,,,,,,,,,,N,3,0,1,2,A,-,10,21950,A,N,G,J,B,A,H,-,A,A,0,Y,,,,Y,,A,01,0,1,0,0,1,0,0,0,0,"- ","- ",,,"LOS ANGELES","PICO RIVERA",-118.096129,33.984338999999999
7157618,2015,2016-01-25,1942,2015-12-25,1500,40165,1063,5,5,7,1942,0,0,0,J,0,15TL42,"CLARK ST","RESEDA BL",0.00,,Y,A,-,N,,,,,,,,,,N,3,0,1,2,A,-,10,21950,A,N,G,B,B,A,H,-,A,A,0,Y,,,,Y,,A,01,0,1,0,0,1,0,0,0,0,"- ","- ",,,"LOS ANGELES","LOS ANGELES",-118.53600011,34.170370079999998
7157630,2015,2016-01-25,1942,2015-12-29,0745,35346,1033,2,5,7,1942,0,0,0,J,0,9T53,"TAMPA AV","VICTORY BL",0.00,,Y,A,-,N,,,,,,,,,,N,4,0,1,2,A,-,10,21950,A,N,G,B,B,A,H,-,A,A,0,Y,,,,Y,,A,01,0,0,1,0,1,0,0,0,0,"- ","- ",,,"LOS ANGELES","LOS ANGELES",-118.55349004,34.186570009999997