CASE_ID,ACCIDENT_YEAR,PROC_DATE,JURIS,COLLISION_DATE,COLLISION_TIME,OFFICER_ID,REPORTING_DISTRICT,DAY_OF_WEEK,CHP_SHIFT,POPULATION,CNTY_CITY_LOC,SPECIAL_COND,BEAT_TYPE,CHP_BEAT_TYPE,CITY_DIVISION_LAPD,CHP_BEAT_CLASS,BEAT_NUMBER,PRIMARY_RD,SECONDARY_RD,DISTANCE,DIRECTION,INTERSECTION,WEATHER_1,WEATHER_2,STATE_HWY_IND,CALTRANS_COUNTY,CALTRANS_DISTRICT,STATE_ROUTE,ROUTE_SUFFIX,POSTMILE_PREFIX,POSTMILE,LOCATION_TYPE,RAMP_INTERSECTION,SIDE_OF_HWY,TOW_AWAY,COLLISION_SEVERITY,NUMBER_KILLED,NUMBER_INJURED,PARTY_COUNT,PRIMARY_COLL_FACTOR,PCF_CODE_OF_VIOL,PCF_VIOL_CATEGORY,PCF_VIOLATION,PCF_VIOL_SUBSECTION,HIT_AND_RUN,TYPE_OF_COLLISION,MVIW,PED_ACTION,ROAD_SURFACE,ROAD_COND_1,ROAD_COND_2,LIGHTING,CONTROL_DEVICE,CHP_ROAD_TYPE,PEDESTRIAN_ACCIDENT,BICYCLE_ACCIDENT,MOTORCYCLE_ACCIDENT,TRUCK_ACCIDENT,NOT_PRIVATE_PROPERTY,ALCOHOL_INVOLVED,STWD_VEHTYPE_AT_FAULT,CHP_VEHTYPE_AT_FAULT,COUNT_SEVERE_INJ,COUNT_VISIBLE_INJ,COUNT_COMPLAINT_PAIN,COUNT_PED_KILLED,COUNT_PED_INJURED,COUNT_BICYCLIST_KILLED,COUNT_BICYCLIST_INJURED,COUNT_MC_KILLED,COUNT_MC_INJURED,PRIMARY_RAMP,SECONDARY_RAMP,LATITUDE,LONGITUDE,COUNTY,CITY,POINT_X,POINT_Y
8009116,2015,2016-04-05,1926,2015-01-13,2021,7570,,2,5,5,1926,0,0,0,,0,002,GRAND,COLORADO,0.00,,Y,A,-,N,,,,,,,,,,Y,2,0,1,2,A,-,11,21950,B,N,G,B,B,A,H,-,C,A,0,Y,,,,Y,,N,60,1,0,0,0,1,0,0,0,0,"- ","- ",,,"LOS ANGELES",GLENDORA,-117.87272000999999,34.126700049999997
8009119,2015,2016-04-05,1926,2015-02-27,1535,8104,,5,5,5,1926,0,0,0,,0,001,"FOOTHILL BL","LIVE OAK",158.00,W,N,C,-,N,,,,,,,,,,N,4,0,1,2,A,-,11,21954,A,N,G,B,D,B,H,-,A,D,0,Y,,,,Y,,N,60,0,0,1,0,1,0,0,0,0,"- ","- ",,,"LOS ANGELES",GLENDORA,-117.85550087,34.136048700000003
8009157,2015,2016-04-05,1926,2015-07-24,1906,4784,,5,5,5,1926,0,0,0,,0,001,GRAND,ADA,0.00,,Y,A,-,N,,,,,,,,,,N,4,0,1,2,A,-,11,21456,A,N,G,B,B,A,H,-,A,A,0,Y,,,,Y,,N,60,0,0,1,0,1,0,0,0,0,"- ","- ",,,"LOS ANGELES",GLENDORA,-117.87272007,34.132360060000003
8012207,2015,2016-04-06,1900,2015-12-16,1545,526299,0331,3,5,4,1939,0,0,0,,0,35D,"145TH ST","HAWTHORNE BL",0.00,,Y,B,-,N,,,,,,,,,,N,3,0,1,2,A,-,11,21950,B,N,G,B,D,A,H,-,A,A,0,Y,,,,Y,,N,60,0,1,0,0,1,0,0,0,0,"- ","- ",,,"LOS ANGELES",LAWNDALE,-118.35275008000001,33.900110009999999
8019306,2015,2016-04-15,1942,2015-11-22,1100,36659,0555,7,5,7,1942,0,0,0,E,0,5A85,"UPLAND AV","MEYLER ST",6.00,E,N,A,-,N,,,,,,,,,,N,3,0,1,2,A,-,02,21654,A,N,G,B,B,A,H,-,A,A,0,Y,,,,Y,,N,60,0,1,0,0,1,0,0,0,0,"- ","- ",,,"LOS ANGELES","LOS ANGELES",-118.29670044,33.750031960000001
8030754,2015,2016-05-04,1900,2015-11-11,1030,266037,0974,3,5,4,1979,0,0,0,,0,92T3,"SANTA MONICA BL","GENESEE AV",10.00,E,N,A,-,N,,,,,,,,,,,3,0,1,2,A,-,17,21451,A,N,G,B,B,A,H,-,A,A,0,Y,,,,Y,,A,01,0,1,0,0,1,0,0,0,0,"- ","- ",,,"LOS ANGELES","WEST HOLLYWOOD",-118.35844702999999,34.090820000000001
8038392,2015,2016-05-19,1900,2015-01-13,1630,507585,0851,2,5,4,1945,0,0,0,,0,28T,"58TH ST","ATLANTIC BL",275.00,E,N,A,-,N,,,,,,,,,,N,4,0,1,2,A,-,11,21954,A,N,G,B,D,A,H,-,A,D,0,Y,,,,Y,,N,60,0,0,1,0,1,0,0,0,0,"- ","- ",,,"LOS ANGELES",MAYWOOD,-118.18454079,33.98800258
8043064,2015,2016-05-20,1906,2015-02-22,1655,4407,1906,7,5,5,1906,0,0,0,,0,002,"LOS ANGELES ST","BRESEE AV",0.00,,Y,A,-,N,,,,,,,,,,N,3,0,1,2,A,-,10,21950,A,N,-,B,B,A,H,-,A,A,0,Y,,,,Y,,D,22,0,1,0,0,1,0,0,0,0,"- ","- ",,,"LOS ANGELES","BALDWIN PARK",-117.97142002,34.09217005
8054078,2015,2017-02-03,1942,2015-10-17,0300,39444,0851,6,5,7,1942,0,0,0,H,0,6D258,"SANTA MONICA BL","CARMELINA AV",122.00,E,N,A,-,Y,LA,7,2,-,-,2.410,H,-,E,Y,2,0,1,2,A,-,11,21954,A,N,G,B,D,A,H,-,C,D,0,Y,,,,Y,Y,N,60,1,0,0,0,1,0,0,0,0,"- ","- ",,,"LOS ANGELES","LOS ANGELES",-118.46633227,34.039233639999999
8062339,2015,2016-07-05,1942,2015-06-06,1520,40592,1341,6,5,7,1942,0,0,0,M,0,13T22,BROADWAY,"37TH PL",14.00,N,N,A,-,N,,,,,,,,,,N,4,0,1,2,A,-,11,21950,B,N,A,B,B,A,H,-,A,D,0,Y,,,,Y,,N,60,0,0,1,0,1,0,0,0,0,"- ","- ",,,"LOS ANGELES","LOS ANGELES",-118.27643847,34.014973949999998
8077326,2015,2016-07-27,1900,2015-12-17,0050,527068,0334,4,5,4,1939,0,0,0,,0,35T1,"HAWTHORNE BL","163RD ST",15.00,N,N,A,-,N,,,,,,,,,,Y,2,0,1,2,A,-,08,22107,,N,E,I,-,A,H,-,C,D,0,Y,,,,Y,,A,01,1,0,0,0,1,0,0,0,0,"- ","- ",,,"LOS ANGELES",LAWNDALE,-118.35272000000001,33.88274114
8077358,2015,2016-07-22,1900,2015-12-11,1345,515394,0333,5,5,4,1939,0,0,0,,0,35TI,"FIRMONA AV","168TH ST",2.00,S,N,A,-,N,,,,,,,,,,N,4,0,1,2,A,-,10,21950,A,N,G,B,B,A,H,-,A,A,0,Y,,,,Y,,A,01,0,0,1,0,1,0,0,0,0,"- ","- ",,,"LOS ANGELES",LAWNDALE,-118.35768,33.87848451
8090161,2015,2016-08-26,1942,2015-04-07,0030,41940,LOSAN,2,5,7,1942,0,0,0,,0,1352,VERNON,"SAN PEDRO",0.00,,Y,-,-,N,,,,,,,,,,N,2,0,1,2,D,-,00,,,F,G,B,B,-,H,-,C,A,0,Y,,,,Y,,-,"- ",1,0,0,0,1,0,0,0,0,"- ","- ",,,"LOS ANGELES","LOS ANGELES",-118.27264012000001,34.003830069999999
8126368,2015,2016-09-19,1963,2015-02-24,1832,00284,110,2,5,3,1963,0,0,0,,0,ONE,"GRANADA AV","ROANOKE RD",0.00,,Y,A,-,N,,,,,,,,,,N,3,0,1,2,A,-,10,21950,A,N,G,B,B,A,H,-,-,A,0,Y,,,,Y,,A,01,0,1,0,0,1,0,0,0,0,"- ","- ",,,"LOS ANGELES","SAN MARINO",-118.12650008,34.109740049999999
8126391,2015,2016-09-20,1963,2015-10-02,0931,00311,101,5,5,3,1963,0,0,0,,0,ONE,"LOS ROBLES AV","MARENGO AV",21.00,S,N,A,-,N,,,,,,,,,,N,3,0,1,2,A,-,11,21954,A,N,D,B,D,A,H,-,A,A,0,Y,,,,Y,,N,60,0,1,0,0,1,0,0,0,0,"- ","- ",,,"LOS ANGELES","SAN MARINO",-118.13913882,34.118995179999999
8126392,2015,2016-09-20,1963,2015-02-06,1655,00329,104,5,5,3,1963,0,0,0,,0,001,"HUNTINGTON DR","GARFIELD AV",0.00,,Y,A,-,N,,,,,,,,,,N,3,0,1,2,A,-,10,21950,A,F,G,B,B,A,H,-,A,A,0,Y,,,,Y,,A,07,0,1,0,0,1,0,0,0,0,"- ","- ",,,"LOS ANGELES","SAN MARINO",-118.13535004000001,34.106510100000001
8126395,2015,2016-09-20,1963,2015-10-01,0828,00311,223,4,5,3,1963,0,0,0,,0,TWO,"LORAIN RD","ALHAMBRA RD",5.00,E,N,A,-,N,,,,,,,,,,N,2,0,1,2,A,-,10,21950,A,N,G,B,B,A,H,-,A,A,0,Y,,,,Y,,A,07,1,0,0,0,1,0,0,0,0,"- ","- ",,,"LOS ANGELES","SAN MARINO",-118.11516421,34.114153950000002
8299060,2015,2017-02-17,1933,2015-06-20,1500,959,34,6,5,6,1933,0,0,0,,0,004,"DOTY AV","110TH ST",0.00,,Y,A,-,N,,,,,,,,,,N,4,0,1,2,A,-,03,22350,,F,G,B,E,A,H,-,A,A,0,Y,,,,Y,,-,,0,0,1,0,1,0,0,0,0,"- ","- ",,,"LOS ANGELES",INGLEWOOD,-118.33940013,33.935790040000001
8299075,2015,2017-02-17,1933,2015-05-01,0640,869,32,5,5,6,1933,0,0,0,,0,004,"CRENSHAW BL","108TH ST N",201.00,N,N,E,-,N,,,,,,,,,,N,3,0,1,2,A,-,11,21954,A,N,G,B,D,A,H,-,A,D,0,Y,,,,Y,,N,60,0,1,0,0,1,0,0,0,0,"- ","- ",,,"LOS ANGELES",INGLEWOOD,-118.32671651,33.939211270000001
8299083,2015,2017-02-17,1933,2015-06-08,1957,957,I29,1,5,6,1933,0,0,0,,0,003,"CENTURY BL","11TH AV",30.00,W,N,A,-,N,,,,,,,,,,N,3,0,1,2,A,-,11,21955,,N,G,B,D,A,H,-,B,A,0,Y,,,,Y,Y,N,60,0,1,0,0,1,0,0,0,0,"- ","- ",,,"LOS ANGELES",INGLEWOOD,-118.32934873000001,33.94547
8299088,2015,2017-02-17,1933,2015-06-18,2017,991,17,4,5,6,1933,0,0,0,,0,002,"LA BREA AV","ARBOR VITAE ST",0.00,,Y,A,-,N,,,,,,,,,,N,2,0,1,2,A,-,11,21456,B,N,G,B,B,A,H,-,C,A,0,Y,,,,Y,,N,60,1,0,0,0,1,0,0,0,0,"- ","- ",,,"LOS ANGELES",INGLEWOOD,-118.35274012000001,33.952730119999998
8299125,2015,2017-02-17,1933,2015-01-29,1925,978,34,4,5,6,1933,0,0,0,,0,004,"IMPERIAL HWY","DOTY AV",6.00,E,N,A,-,N,,,,,,,,,,Y,4,0,1,2,A,-,03,22350,,N,G,B,B,A,H,-,C,A,0,Y,,,,Y,,A,07,0,0,1,0,1,0,0,0,0,"- ","- ",,,"LOS ANGELES",INGLEWOOD,-118.33939026,33.930950000000003
8299126,2015,2017-02-17,1933,2015-01-03,1313,924,35,6,5,6,1933,0,0,0,,0,004,"PRAIRIE AV","111TH ST",0.00,,Y,A,-,N,,,,,,,,,,N,3,0,1,2,A,-,10,21950,A,N,G,B,B,A,H,-,A,A,0,Y,,,,Y,,A,01,0,1,0,0,1,0,0,0,0,"- ","- ",,,"LOS ANGELES",INGLEWOOD,-118.3439101,33.934840029999997
8299128,2015,2017-02-17,1933,2015-02-02,1841,950,I10,1,5,6,1933,0,0,0,,0,001,"HYDE PARK BL","CHESTER AV",10.00,E,N,A,-,N,,,,,,,,,,N,3,0,1,2,A,-,12,22450,A,F,G,B,D,A,H,-,C,A,0,Y,,,,Y,,A,01,0,1,0,0,1,0,0,0,0,"- ","- ",,,"LOS ANGELES",INGLEWOOD,-118.34325081999999,33.977962689999998
8299130,2015,2017-02-17,1933,2015-01-02,1304,828,03,5,5,6,1933,0,0,0,,0,001,"MARKET ST","HYDE PARK BL",6.00,W,N,A,-,N,,,,,,,,,,N,4,0,1,2,A,-,10,21950,A,N,G,B,B,A,H,-,A,A,0,Y,,,,Y,,A,01,0,0,1,0,1,0,0,0,0,"- ","- ",,,"LOS ANGELES",INGLEWOOD,-118.35604085,33.972053750000001
8299143,2015,2017-02-17,1933,2015-02-16,0839,828,18,1,5,6,1933,0,0,0,,0,002,"MANCHESTER BL","LOCUST ST",0.00,,Y,A,-,N,,,,,,,,,,N,4,0,1,2,A,-,10,21950,A,N,G,B,B,A,H,-,A,A,0,Y,,,,Y,,A,01,0,0,1,0,1,0,0,0,0,"- ","- ",,,"LOS ANGELES",INGLEWOOD,-118.35038004,33.961800099999998
8299152,2015,2017-02-17,1933,2015-03-31,1850,874,21,2,5,6,1933,0,0,0,,0,003,"CRENSHAW BL","90TH ST",120.00,S,N,A,-,N,,,,,,,,,,N,3,0,1,2,A,-,11,21956,,N,G,B,D,A,H,-,B,A,0,Y,,,,Y,,N,60,0,1,0,0,1,0,0,0,0,"- ","- ",,,"LOS ANGELES",INGLEWOOD,-118.3265,33.956010880000001
8299154,2015,2017-02-17,1933,2015-02-25,1815,994,10,3,5,6,1933,0,0,0,,0,002,"MANCHESTER BL","MARKET ST",15.00,E,N,A,-,N,,,,,,,,,,N,4,0,1,2,A,-,11,21955,,N,G,B,D,A,H,-,C,A,0,Y,,,,Y,Y,N,60,0,0,1,0,1,0,0,0,0,"- ","- ",,,"LOS ANGELES",INGLEWOOD,-118.35191063000001,33.961780660000002
8299161,2015,2017-02-17,1933,2015-01-21,2208,988,,3,5,6,1933,0,0,0,,0,001,"LA CIENEGA BL","GLENWAY DR",0.00,,Y,A,-,N,,,,,,,,,,N,3,0,1,2,A,-,10,21950,A,N,G,B,B,A,H,-,C,A,0,Y,,,,Y,Y,A,01,0,1,0,0,1,0,0,0,0,"- ","- ",,,"LOS ANGELES",INGLEWOOD,-118.37018002000001,33.972310049999997
8299166,2015,2017-02-17,1933,2015-02-27,2143,990,I9,5,5,6,1933,0,0,0,,0,002,"MANCHESTER BL","GREVILLEA AV",0.00,,Y,A,-,N,,,,,,,,,,N,4,0,1,2,A,-,10,21950,A,N,G,B,B,A,H,-,C,A,0,Y,,,,Y,,A,01,0,0,1,0,1,0,0,0,0,"- ","- ",,,"LOS ANGELES",INGLEWOOD,-118.35507006,33.961740079999998
8299185,2015,2017-02-17,1933,2015-01-09,1235,670,,5,5,6,1933,0,0,0,,0,003,"CRENSHAW BL","85TH ST",21.00,S,N,A,-,N,,,,,,,,,,N,4,0,1,2,A,-,11,21954,A,N,G,B,D,A,H,-,A,D,0,Y,,,,Y,,N,60,0,0,1,0,1,0,0,0,0,"- ","- ",,,"LOS ANGELES",INGLEWOOD,-118.32651866,33.960802409999999
8299187,2015,2017-02-17,1933,2015-02-01,1818,947,04,7,5,6,1933,0,0,0,,0,001,"VENICE WY","GLENWAY DR",0.00,,Y,A,-,N,,,,,,,,,,Y,4,0,1,2,A,-,12,22450,A,N,G,B,D,A,H,-,B,A,0,Y,,,,Y,,A,01,0,0,1,0,1,0,0,0,0,"- ","- ",,,"LOS ANGELES",INGLEWOOD,-118.36621,33.969880019999998
8299202,2015,2017-02-17,1933,2015-04-14,1548,828,10,2,5,6,1933,0,0,0,,0,001,"PRAIRIE AV","AERICK ST",0.00,,Y,A,-,N,,,,,,,,,,N,4,0,1,2,A,-,11,21950,B,N,G,B,B,A,H,-,A,A,0,Y,,,,Y,,N,60,0,0,1,0,1,0,0,0,0,"- ","- ",,,"LOS ANGELES",INGLEWOOD,-118.34397009,33.963560039999997
8299210,2015,2017-02-17,1933,2015-04-18,1200,982,I32,6,5,6,1933,0,0,0,,0,004,"CENTURY BL","VILLAGE DR",100.00,E,N,A,-,N,,,,,,,,,,N,4,0,1,2,A,-,10,21950,A,F,G,B,F,A,H,-,A,D,0,Y,,,,Y,,A,01,0,0,1,0,1,0,0,0,0,"- ","- ",,,"LOS ANGELES",INGLEWOOD,-118.32892090999999,33.94547
8299216,2015,2017-02-16,1933,2015-05-09,0410,992,18,6,5,6,1933,0,0,0,,0,002,"NUTWOOD ST","LOCUST ST",0.00,,Y,A,-,N,,,,,,,,,,N,4,0,1,2,A,-,03,22350,,M,G,B,E,A,H,-,C,A,0,Y,,,,Y,,-,,0,0,1,0,1,0,0,0,0,"- ","- ",,,"LOS ANGELES",INGLEWOOD,-118.35028,33.960410099999997
8299221,2015,2017-02-17,1933,2015-03-07,1841,980,I10,6,5,6,1933,0,0,0,,0,001,"REGENT ST","MARKET ST",0.00,,Y,A,-,N,,,,,,,,,,Y,4,0,1,2,A,-,01,23152,E,N,G,B,B,A,H,-,C,A,0,Y,,,,Y,,A,01,0,0,1,0,1,0,0,0,0,"- ","- ",,,"LOS ANGELES",INGLEWOOD,-118.35201005,33.964440009999997
8299232,2015,2017-02-21,1933,2015-05-11,2010,994,01,1,5,6,1933,0,0,0,,0,001,"CENTINELA AV","ACACIA ST",0.00,,Y,A,-,N,,,,,,,,,,N,4,0,1,2,A,-,10,21950,A,N,G,B,D,A,H,-,C,D,0,Y,,,,Y,,A,01,0,0,1,0,1,0,0,0,0,"- ","- ",,,"LOS ANGELES",INGLEWOOD,-118.36411004999999,33.976790110000003
8299238,2015,2017-02-17,1933,2015-04-15,1045,869,05,3,5,6,1933,0,0,0,,0,001,"CENTINELA AV","BEACH AV",0.00,,Y,A,-,N,,,,,,,,,,N,2,0,1,2,A,-,10,21950,A,N,G,B,B,A,H,-,A,D,0,Y,,,,Y,,A,01,1,0,0,0,1,0,0,0,0,"- ","- ",,,"LOS ANGELES",INGLEWOOD,-118.36687013,33.977010040000003
8299242,2015,2017-02-17,1933,2015-04-15,2500,812,09,3,5,6,1933,0,0,0,,0,001,"REGENT ST","LOCUST ST",300.00,W,N,A,-,N,,,,,,,,,,N,3,0,1,2,A,-,11,21954,A,F,G,B,D,A,H,-,A,A,0,Y,,,,Y,,N,60,0,1,0,0,1,0,0,0,0,"- ","- ",,,"LOS ANGELES",INGLEWOOD,-118.35139737999999,33.964446809999998
8299261,2015,2017-02-17,1933,2015-03-04,1759,826,30,3,5,6,1933,0,0,0,,0,004,"104TH ST","DOTY AV",295.00,W,N,A,-,N,,,,,,,,,,N,3,0,1,2,A,-,11,21954,A,N,G,B,D,A,H,-,B,A,0,Y,,,,Y,,N,60,0,1,0,0,1,0,0,0,0,"- ","- ",,,"LOS ANGELES",INGLEWOOD,-118.34078078,33.941809999999997
8299262,2015,2017-02-17,1933,2015-04-10,2250,957,30,5,5,6,1933,0,0,0,,0,004,"107TH ST","DOTY AV",273.00,W,N,A,-,N,,,,,,,,,,Y,4,0,1,2,A,-,01,23152,E,N,E,I,F,A,H,-,C,D,0,Y,,,,Y,,A,01,0,0,1,0,1,0,0,0,0,"- ","- ",,,"LOS ANGELES",INGLEWOOD,-118.34070835,33.938767830000003
8299288,2015,2017-02-17,1933,2015-03-22,1045,945,24,7,5,6,1933,0,0,0,,0,002,"ROSEWOOD AV","CENTURY BL",0.00,,Y,A,-,N,,,,,,,,,,N,4,0,1,2,A,-,11,21954,A,N,G,B,B,A,H,-,A,D,0,Y,,,,Y,,D,22,0,0,1,0,1,0,0,0,0,"- ","- ",,,"LOS ANGELES",INGLEWOOD,-118.36019012,33.94544011
8299340,2015,2017-02-17,1933,2015-02-25,1856,924,24,3,5,6,1933,0,0,0,,0,002,"HARDY ST","FIR AV",0.00,,Y,A,-,N,,,,,,,,,,N,4,0,1,2,A,-,12,22450,,N,G,B,B,A,H,-,C,-,0,Y,,,,Y,,D,22,0,0,1,0,1,0,0,0,0,"- ","- ",,,"LOS ANGELES",INGLEWOOD,-118.35700007,33.949080080000002
8299385,2015,2017-02-17,1933,2015-01-05,2257,920,30,1,5,6,1933,0,0,0,,0,004,"CENTURY BL","PRAIRIE AV",0.00,,Y,A,-,N,,,,,,,,,,N,3,0,1,2,A,-,08,22107,,M,E,I,F,A,H,-,C,A,0,Y,,,Y,Y,,G,75,0,1,0,0,1,0,0,0,0,"- ","- ",,,"LOS ANGELES",INGLEWOOD,-118.34395007000001,33.945450049999998
8309073,2015,2017-02-17,1933,2015-11-23,1224,828,18,1,5,6,1933,0,0,0,,0,002,"LA BREA AV","MANCHESTER BL",0.00,,Y,A,-,N,,,,,,,,,,N,4,0,1,2,A,-,10,21950,A,N,G,B,B,A,H,-,A,A,0,Y,,,,Y,,A,01,0,0,1,0,1,0,0,0,0,"- ","- ",33.961649999999999,-118.35330999999999,"LOS ANGELES",INGLEWOOD,-118.35334012,33.961770059999999
8309082,2015,2017-02-24,1933,2015-09-17,0743,658,I34,4,5,6,1933,0,0,0,,0,004,"IMPERIAL HWY","PRAIRIE AV",6.00,W,N,A,-,N,,,,,,,,,,N,3,0,1,2,A,-,10,21950,A,N,G,B,B,A,H,-,A,A,0,Y,,,,Y,,A,01,0,1,0,0,1,0,0,0,0,"- ","- ",33.93094,-118.34383,"LOS ANGELES",INGLEWOOD,-118.34391974,33.930959999999999
8309089,2015,2017-02-17,1933,2015-11-25,0530,826,10,3,5,6,1933,0,0,0,,0,001,"LA BREA AV","QUEEN ST",13.00,S,N,A,-,N,,,,,,,,,,N,2,0,2,3,A,-,12,21453,A,F,G,B,B,A,H,-,C,A,0,Y,,,,Y,,A,01,1,0,1,0,2,0,0,0,0,"- ","- ",33.962859999999999,-118.35330999999999,"LOS ANGELES",INGLEWOOD,-118.35337,33.96302
8309098,2015,2017-02-21,1933,2015-08-02,2322,975,I06,7,5,6,1933,0,0,0,,0,001,"FLORENCE AV","PRAIRIE AV",850.00,E,N,A,-,N,,,,,,,,,,N,2,0,1,2,A,-,11,21956,,N,G,B,D,A,H,-,D,D,0,Y,,,,Y,Y,N,60,1,0,0,0,1,0,0,0,0,"- ","- ",,,"LOS ANGELES",INGLEWOOD,-118.34168261000001,33.9724395
8309101,2015,2017-02-17,1933,2015-11-18,1902,924,6,3,5,6,1933,0,0,0,,0,001,"CENTINELA AV","FLORENCE AV",0.00,,Y,A,-,N,,,,,,,,,,N,4,0,1,2,A,-,11,21955,,N,G,B,D,A,H,-,C,A,0,Y,,,,Y,,N,60,0,0,1,0,1,0,0,0,0,"- ","- ",33.969830000000002,-118.34721,"LOS ANGELES",INGLEWOOD,-118.34723012000001,33.969830039999998
8309103,2015,2017-02-21,1933,2015-12-19,2250,959,08,6,5,6,1933,0,0,0,,0,001,"HYDE PARK BL","INDUSTRIAL AV E",164.00,S,N,B,-,N,,,,,,,,,,N,3,0,1,2,A,-,11,21954,A,N,G,B,D,B,H,-,C,A,0,Y,,,,Y,,N,60,0,1,0,0,1,0,0,0,0,"- ","- ",33.968400000000003,-118.36796,"LOS ANGELES",INGLEWOOD,-118.36884999999999,33.967700180000001
8309104,2015,2017-02-21,1933,2015-12-01,1556,924,5,2,5,6,1933,0,0,0,,0,001,"HAZEL ST","MARKET ST",50.00,W,N,A,-,N,,,,,,,,,,N,3,0,1,2,A,-,11,21955,,N,G,B,D,A,H,-,A,D,0,Y,,,,Y,,N,60,0,1,0,0,1,0,0,0,0,"- ","- ",33.970050000000001,-118.35422,"LOS ANGELES",INGLEWOOD,-118.35450591,33.969842640000003
8309105,2015,2017-02-17,1933,2015-11-21,1213,959,01,6,5,6,1933,0,0,0,,0,001,"FORREST ST","MARKET ST",105.00,E,N,A,-,N,,,,,,,,,,N,4,0,1,2,A,-,11,21954,A,N,G,B,D,A,H,-,A,A,0,Y,,,,Y,,N,60,0,0,1,0,1,0,0,0,0,"- ","- ",33.977699999999999,-118.35708,"LOS ANGELES",INGLEWOOD,-118.3570156,33.977683310000003
8309117,2015,2017-02-16,1933,2015-11-20,1930,959,02,5,5,6,1933,0,0,0,,0,001,"CENTINELA AV","HYDE PARK PL",0.00,,Y,A,-,N,,,,,,,,,,N,3,0,1,2,A,-,10,21950,A,N,G,B,B,A,H,-,C,A,0,Y,,,,Y,,A,01,0,1,0,0,1,0,0,0,0,"- ","- ",,,"LOS ANGELES",INGLEWOOD,-118.35311009,33.975810000000003
8309130,2015,2017-02-17,1933,2015-10-15,0914,869,33,4,5,6,1933,0,0,0,,0,004,"VAN NESS AV","CENTURY BL",130.00,S,N,A,-,N,,,,,,,,,,N,4,0,1,2,A,-,09,21804,A,N,G,B,F,A,H,-,A,D,0,Y,,,,Y,,A,07,0,0,1,0,1,0,0,0,0,"- ","- ",33.945459999999997,-118.31774,"LOS ANGELES",INGLEWOOD,-118.31772775,33.945103510000003
8309137,2015,2017-02-17,1933,2015-08-22,2040,987,04,6,5,6,1933,0,0,0,,0,001,"PLYMOUTH ST","ACACIA ST",0.00,,Y,A,-,N,,,,,,,,,,N,3,0,1,2,C,-,18,,,N,G,B,F,A,H,-,C,A,0,Y,,,,Y,,-,"- ",0,1,0,0,1,0,0,0,0,"- ","- ",,,"LOS ANGELES",INGLEWOOD,-118.36418003999999,33.974510010000003
8309147,2015,2017-02-16,1933,2015-10-18,1400,992,,7,5,6,1933,0,0,0,,0,,"CENTURY BL","YUKON AV",0.00,,Y,A,-,N,,,,,,,,,,N,4,0,1,2,A,-,03,22350,,N,G,B,D,A,H,-,A,D,0,Y,,,,Y,,A,08,0,0,1,0,1,0,0,0,0,"- ","- ",,,"LOS ANGELES",INGLEWOOD,-118.33517012999999,33.945460019999999
8309168,2015,2017-02-16,1933,2015-11-02,1956,985,I8,1,5,6,1933,0,0,0,,0,001,"HYDE PARK BL","AGUSTA AV",20.00,N,N,A,-,N,,,,,,,,,,N,4,0,1,2,A,-,03,22350,,N,G,B,E,A,H,-,C,D,0,Y,,,,Y,,A,01,0,0,1,0,1,0,0,0,0,"- ","- ",,,"LOS ANGELES",INGLEWOOD,-118.36879342,33.964444780000001
8309172,2015,2017-02-16,1933,2015-11-12,1319,587,30,4,5,6,1933,0,0,0,,0,004,"PRAIRIE AV","104TH ST",3.00,S,N,A,-,N,,,,,,,,,,N,4,0,1,2,A,-,10,21950,A,N,G,B,B,A,H,-,A,A,0,Y,,,,Y,,A,01,0,0,1,0,1,0,0,0,0,"- ","- ",33.941850000000002,-118.34392,"LOS ANGELES",INGLEWOOD,-118.34394,33.941801769999998
8309174,2015,2017-02-16,1933,2015-10-02,2002,924,29,5,5,6,1933,0,0,0,,0,003,"ARBOR VITAE ST","CRENSHAW BL N",0.00,,Y,A,-,N,,,,,,,,,,N,2,0,1,2,A,-,11,21955,,N,G,B,D,A,H,-,C,D,0,Y,,,,Y,Y,N,60,1,0,0,0,1,0,0,0,0,"- ","- ",33.952649999999998,-118.32635000000001,"LOS ANGELES",INGLEWOOD,-118.32672004,33.952340049999997
8309175,2015,2017-02-17,1933,2015-10-28,1800,924,04,3,5,6,1933,0,0,0,,0,001,"GLENWAY DR","HYDE PARK BL",0.00,,Y,A,-,N,,,,,,,,,,Y,4,0,1,2,A,-,12,22450,A,N,G,B,B,A,H,-,C,D,0,Y,,,,Y,,A,01,0,0,1,0,1,0,0,0,0,"- ","- ",33.968910000000001,-118.36467,"LOS ANGELES",INGLEWOOD,-118.36490001,33.968760070000002
8309178,2015,2017-02-16,1933,2015-10-02,2105,975,14,5,5,6,1933,0,0,0,,0,002,"ISIS AV","MANCHESTER BL",200.00,S,N,A,-,N,,,,,,,,,,N,3,0,1,2,A,-,11,21954,A,N,G,B,D,A,H,-,C,D,0,Y,,,,Y,,N,60,0,1,0,0,1,0,0,0,0,"- ","- ",33.959969999999998,-118.37520000000001,"LOS ANGELES",INGLEWOOD,-118.37533696,33.95935145
8309179,2015,2017-02-23,1933,2015-10-26,2155,974,04,1,5,6,1933,0,0,0,,0,001,"GLENWAY DR","CORY DR",20.00,S,N,A,-,N,,,,,,,,,,N,4,0,1,3,A,-,08,22107,,M,B,E,-,A,H,-,C,D,0,Y,,,,Y,,-,,0,0,1,0,1,0,0,0,0,"- ","- ",33.970999999999997,-118.36745999999999,"LOS ANGELES",INGLEWOOD,-118.36751187,33.970892569999997